id,DateTime,max_temp,min_temp,avg_temp,rh_max,rh_min,rh_avg,dew_max,dew_min,dew_avg,Wind_maxMS,et0
1,1/1/2018 6:00,22,17,19.5,72,66.7,69.35,17,10,12.8,5.37,1.86
2,1/1/2018 7:00,24,19,21.5,60,54.7,57.35,19,12,14.8,4.48,3.62
3,1/1/2018 8:00,24.4,19.4,21.9,58,52.7,55.35,19.4,12.4,15.2,5.37,3.92
4,1/1/2018 9:00,25,20,22.5,49.4,44.1,46.75,20,13,15.8,5.37,5
5,1/1/2018 10:00,27,22,24.5,46,40.7,43.35,22,15,17.8,4.48,5.51
6,1/1/2018 11:00,27.6,22.6,25.1,48.3,43,45.65,22.6,15.6,18.4,4.48,5.32
7,1/1/2018 12:00,27.4,22.4,24.9,54.3,49,51.65,22.4,15.4,18.2,5.37,5.36
8,1/1/2018 13:00,27.6,22.6,25.1,62.3,57,59.65,22.6,15.6,18.4,6.26,4.98
9,1/1/2018 14:00,26,21,23.5,67.3,62,64.65,21,14,16.8,5.37,3.96
10,1/1/2018 15:00,26.4,21.4,23.9,69.5,64.2,66.85,21.4,14.4,17.2,5.82,3.81
11,1/1/2018 16:00,24,19,21.5,73,67.7,70.35,19,12,14.8,5.37,2.66
12,1/1/2018 17:00,23.4,18.4,20.9,73,67.7,70.35,18.4,11.4,14.2,5.37,2.22
13,1/1/2018 18:00,23.3,18.3,20.8,74.3,69,71.65,18.3,11.3,14.1,4.48,2.2
14,1/2/2018 6:00,21,16,18.5,72,66.7,69.35,16,9,11.8,5.37,1.41
15,1/2/2018 7:00,21.2,16.2,18.7,60,54.7,57.35,16.2,9.2,12,4.48,2.55
16,1/2/2018 8:00,21,16,18.5,58,52.7,55.35,16,9,11.8,4.48,2.71
17,1/2/2018 9:00,22.4,17.4,19.9,49,43.7,46.35,17.4,10.4,13.2,6.26,4.08
18,1/2/2018 10:00,21.7,16.7,19.2,46.2,40.9,43.55,16.7,9.7,12.5,5.37,3.79
19,1/2/2018 11:00,22.5,17.5,20,48,42.7,45.35,17.5,10.5,13.3,4.48,3.78
20,1/2/2018 12:00,23,18,20.5,55,49.7,52.35,18,11,13.8,6.71,3.91
21,1/2/2018 13:00,26.8,21.8,24.3,63,57.7,60.35,21.8,14.8,17.6,5.82,4.29
22,1/2/2018 14:00,27,22,24.5,67.3,62,64.65,22,15,17.8,5.37,4.38
23,1/2/2018 15:00,26.1,21.1,23.6,70,64.7,67.35,21.1,14.1,16.9,5.37,3.78
24,1/2/2018 16:00,24.6,19.6,22.1,73,67.7,70.35,19.6,12.6,15.4,4.48,2.67
25,1/2/2018 17:00,23.8,18.8,21.3,73.2,67.9,70.55,18.8,11.8,14.6,5.82,2.19
26,1/2/2018 18:00,23.9,18.9,21.4,75,69.7,72.35,18.9,11.9,14.7,6.26,1.9
27,1/3/2018 6:00,22,17,19.5,73.2,67.9,70.55,17,10,12.8,6.71,1.63
28,1/3/2018 7:00,24.7,19.7,22.2,60,54.7,57.35,19.7,12.7,15.5,6.26,3.85
29,1/3/2018 8:00,24.4,19.4,21.9,58,52.7,55.35,19.4,12.4,15.2,5.82,3.92
30,1/3/2018 9:00,25,20,22.5,50.1,44.8,47.45,20,13,15.8,6.26,5.26
31,1/3/2018 10:00,27,22,24.5,46,40.7,43.35,22,15,17.8,5.37,6
32,1/3/2018 11:00,27.6,22.6,25.1,48,42.7,45.35,22.6,15.6,18.4,6.26,6.24
33,1/3/2018 12:00,27.4,22.4,24.9,55,49.7,52.35,22.4,15.4,18.2,5.37,5.33
34,1/3/2018 13:00,27.6,22.6,25.1,63,57.7,60.35,22.6,15.6,18.4,5.37,4.7
35,1/3/2018 14:00,26,21,23.5,66.4,61.1,63.75,21,14,16.8,5.37,4.04
36,1/3/2018 15:00,26.4,21.4,23.9,70,64.7,67.35,21.4,14.4,17.2,5.37,3.78
37,1/3/2018 16:00,24,19,21.5,73,67.7,70.35,19,12,14.8,6.26,2.63
38,1/3/2018 17:00,23.4,18.4,20.9,73,67.7,70.35,18.4,11.4,14.2,6.71,2.13
39,1/3/2018 18:00,23.3,18.3,20.8,75,69.7,72.35,18.3,11.3,14.1,6.26,1.93
40,1/4/2018 7:00,24,19,21.5,60,54.7,57.35,19,12,14.8,5.82,3.75
41,1/4/2018 8:00,24.4,19.4,21.9,57.3,52,54.65,19.4,12.4,15.2,5.82,3.95
42,1/4/2018 9:00,25,20,22.5,49,43.7,46.35,20,13,15.8,5.82,5.04
43,1/4/2018 10:00,27,22,24.5,46,40.7,43.35,22,15,17.8,5.37,6
44,1/4/2018 11:00,27.6,22.6,25.1,48,42.7,45.35,22.6,15.6,18.4,5.82,5.82
45,1/4/2018 12:00,27.2,22.2,24.7,54.3,49,51.65,22.2,15.2,18,5.37,5.36
46,1/4/2018 13:00,27.6,22.6,25.1,63,57.7,60.35,22.6,15.6,18.4,5.82,4.7
47,1/4/2018 14:00,26,21,23.5,67,61.7,64.35,21,14,16.8,5.37,4.01
48,1/4/2018 15:00,26.4,21.4,23.9,70,64.7,67.35,21.4,14.4,17.2,5.82,3.78
49,1/4/2018 16:00,24,19,21.5,72.3,67,69.65,19,12,14.8,5.37,2.7
50,1/4/2018 17:00,23.4,18.4,20.9,73,67.7,70.35,18.4,11.4,14.2,6.26,2.13
51,1/4/2018 18:00,23.3,18.3,20.8,75,69.7,72.35,18.3,11.3,14.1,5.37,2.04
52,1/5/2018 6:00,23,18,20.5,72,66.7,69.35,18,11,13.8,6.26,2.23
53,1/5/2018 7:00,23.5,18.5,21,68.4,63.1,65.75,18.5,11.5,14.3,6.26,2.54
54,1/5/2018 8:00,23.9,18.9,21.4,58,52.7,55.35,18.9,11.9,14.7,6.71,3.59
55,1/5/2018 9:00,25,20,22.5,48.3,43,45.65,20,13,15.8,6.26,5.39
56,1/5/2018 10:00,27,22,24.5,46,40.7,43.35,22,15,17.8,6.26,6.44
57,1/5/2018 11:00,27.3,22.3,24.8,48,42.7,45.35,22.3,15.3,18.1,5.37,5.85
58,1/5/2018 12:00,28,23,25.5,55,49.7,52.35,23,16,18.8,5.82,5.71
59,1/5/2018 13:00,27,22,24.5,63,57.7,60.35,22,15,17.8,5.82,4.73
60,1/5/2018 14:00,26.5,21.5,24,66.3,61,63.65,21.5,14.5,17.3,5.37,4.01
61,1/5/2018 15:00,28,23,25.5,70,64.7,67.35,23,16,18.8,6.26,4.84
62,1/5/2018 16:00,26.3,21.3,23.8,73,67.7,70.35,21.3,14.3,17.1,6.26,3.61
63,1/5/2018 17:00,25,20,22.5,72.3,67,69.65,20,13,15.8,6.26,3.16
64,1/5/2018 18:00,25,20,22.5,75,69.7,72.35,20,13,15.8,5.82,2.94
65,1/6/2018 6:00,22,17,19.5,73,67.7,70.35,17,10,12.8,5.82,1.77
66,1/6/2018 7:00,24,19,21.5,60,54.7,57.35,19,12,14.8,6.26,3.88
67,1/6/2018 8:00,24.7,19.7,22.2,57.3,52,54.65,19.7,12.7,15.5,5.82,3.93
68,1/6/2018 9:00,25,20,22.5,49,43.7,46.35,20,13,15.8,6.26,5.35
69,1/6/2018 10:00,27,22,24.5,46,40.7,43.35,22,15,17.8,6.71,6.44
70,1/6/2018 11:00,27.6,22.6,25.1,48,42.7,45.35,22.6,15.6,18.4,5.82,5.82
71,1/6/2018 12:00,27.5,22.5,25,54.3,49,51.65,22.5,15.5,18.3,6.26,5.67
72,1/6/2018 13:00,27.6,22.6,25.1,63,57.7,60.35,22.6,15.6,18.4,6.26,4.94
73,1/6/2018 14:00,26,21,23.5,67,61.7,64.35,21,14,16.8,6.71,4.16
74,1/6/2018 15:00,26.4,21.4,23.9,70,64.7,67.35,21.4,14.4,17.2,5.82,3.78
75,1/6/2018 16:00,24,19,21.5,73,67.7,70.35,19,12,14.8,5.37,2.66
76,1/6/2018 17:00,23.4,18.4,20.9,72.3,67,69.65,18.4,11.4,14.2,5.37,2.25
77,1/6/2018 18:00,23.3,18.3,20.8,75,69.7,72.35,18.3,11.3,14.1,6.26,1.93
78,1/7/2018 6:00,22.3,17.3,19.8,72,66.7,69.35,17.3,10.3,13.1,6.26,1.73
79,1/7/2018 7:00,24,19,21.5,61.2,55.9,58.55,19,12,14.8,5.82,3.67
80,1/7/2018 8:00,24.4,19.4,21.9,58,52.7,55.35,19.4,12.4,15.2,6.26,4.07
81,1/7/2018 9:00,25,20,22.5,49,43.7,46.35,20,13,15.8,5.82,5.04
82,1/7/2018 10:00,26.9,21.9,24.4,46,40.7,43.35,21.9,14.9,17.7,5.37,5.61
83,1/7/2018 11:00,27.6,22.6,25.1,48.2,42.9,45.55,22.6,15.6,18.4,6.26,6.24
84,1/7/2018 12:00,27.3,22.3,24.8,55,49.7,52.35,22.3,15.3,18.1,6.26,5.67
85,1/7/2018 13:00,26.9,21.9,24.4,63,57.7,60.35,21.9,14.9,17.7,56.78,7.03
86,1/7/2018 14:00,26,21,23.5,67.3,62,64.65,21,14,16.8,5.82,3.96
87,1/7/2018 15:00,26.4,21.4,23.9,70,64.7,67.35,21.4,14.4,17.2,6.71,3.88
88,1/7/2018 16:00,24.8,19.8,22.3,73,67.7,70.35,19.8,12.8,15.6,5.82,2.63
89,1/7/2018 17:00,23.4,18.4,20.9,72.3,67,69.65,18.4,11.4,14.2,5.82,2.25
90,1/7/2018 18:00,23.3,18.3,20.8,75,69.7,72.35,18.3,11.3,14.1,6.71,1.93
91,1/8/2018 6:00,22.5,17.5,20,74,68.7,71.35,17.5,10.5,13.3,6.71,1.5
92,1/8/2018 7:00,24,19,21.5,62,56.7,59.35,19,12,14.8,5.37,3.59
93,1/8/2018 8:00,24.4,19.4,21.9,57,51.7,54.35,19.4,12.4,15.2,6.26,4.16
94,1/8/2018 9:00,25,20,22.5,49,43.7,46.35,20,13,15.8,5.82,5.04
95,1/8/2018 10:00,27.2,22.2,24.7,46,40.7,43.35,22.2,15.2,18,6.26,6.44
96,1/8/2018 11:00,27.6,22.6,25.1,48,42.7,45.35,22.6,15.6,18.4,6.26,6.24
97,1/8/2018 12:00,27.7,22.7,25.2,54.3,49,51.65,22.7,15.7,18.5,4.48,4.95
98,1/8/2018 13:00,27.6,22.6,25.1,63,57.7,60.35,22.6,15.6,18.4,6.26,4.94
99,1/8/2018 14:00,26,21,23.5,66.4,61.1,63.75,21,14,16.8,6.26,4.19
100,1/8/2018 15:00,26.4,21.4,23.9,70,64.7,67.35,21.4,14.4,17.2,6.26,3.88
101,1/8/2018 16:00,24,19,21.5,73,67.7,70.35,19,12,14.8,6.26,2.63
102,1/8/2018 17:00,23.4,18.4,20.9,73,67.7,70.35,18.4,11.4,14.2,6.71,2.13
103,1/8/2018 18:00,23.3,18.3,20.8,75.4,70.1,72.75,18.3,11.3,14.1,6.71,1.87
104,1/9/2018 6:00,22,17,19.5,72,66.7,69.35,17,10,12.8,5.82,1.86
105,1/9/2018 7:00,23.8,18.8,21.3,63,57.7,60.35,18.8,11.8,14.6,7.16,3.13
106,1/9/2018 8:00,24.4,19.4,21.9,57.4,52.1,54.75,19.4,12.4,15.2,6.26,4.11
107,1/9/2018 9:00,24.9,19.9,22.4,48,42.7,45.35,19.9,12.9,15.7,48.29,8.25
108,1/9/2018 10:00,27,22,24.5,46,40.7,43.35,22,15,17.8,5.37,6
109,1/9/2018 11:00,27.6,22.6,25.1,47.3,42,44.65,22.6,15.6,18.4,6.26,6.28
110,1/9/2018 12:00,27.4,22.4,24.9,54.3,49,51.65,22.4,15.4,18.2,5.37,5.36
111,1/9/2018 13:00,27.6,22.6,25.1,63,57.7,60.35,22.6,15.6,18.4,5.82,4.7
112,1/9/2018 14:00,26.7,21.7,24.2,67,61.7,64.35,21.7,14.7,17.5,7.16,4.26
113,1/9/2018 15:00,26.4,21.4,23.9,69.3,64,66.65,21.4,14.4,17.2,6.71,3.92
114,1/9/2018 16:00,24,19,21.5,73,67.7,70.35,19,12,14.8,6.26,2.63
115,1/9/2018 17:00,23.4,18.4,20.9,73.2,67.9,70.55,18.4,11.4,14.2,7.6,2.05
116,1/9/2018 18:00,23.9,18.9,21.4,75,69.7,72.35,18.9,11.9,14.7,6.26,1.9
117,1/10/2018 6:00,25.4,20.4,22.9,78,72.7,75.35,20.4,13.4,16.2,6.26,2.65
118,1/10/2018 7:00,26.3,21.3,23.8,62.8,57.5,60.15,21.3,14.3,17.1,7.16,4.73
119,1/10/2018 8:00,26.6,21.6,24.1,58,52.7,55.35,21.6,14.6,17.4,7.6,5.16
120,1/10/2018 9:00,27,22,24.5,48.33,43.03,45.68,22,15,17.8,6.26,6.22
121,1/10/2018 10:00,28,23,25.5,46,40.7,43.35,23,16,18.8,5.82,6.36
122,1/10/2018 11:00,28.3,23.3,25.8,48.3,43,45.65,23.3,16.3,19.1,6.26,6.63
123,1/10/2018 12:00,28.8,23.8,26.3,55,49.7,52.35,23.8,16.8,19.6,6.26,6.07
124,1/10/2018 13:00,27,22,24.5,63.4,58.1,60.75,22,15,17.8,6.26,4.92
125,1/10/2018 14:00,27,22,24.5,67,61.7,64.35,22,15,17.8,7.6,4.81
126,1/10/2018 15:00,26.3,21.3,23.8,68.34,63.04,65.69,21.3,14.3,17.1,6.71,4.01
127,1/10/2018 16:00,25,20,22.5,73,67.7,70.35,20,13,15.8,6.26,3.12
128,1/10/2018 17:00,24.6,19.6,22.1,74.3,69,71.65,19.6,12.6,15.4,6.26,2.44
129,1/10/2018 18:00,25,20,22.5,75,69.7,72.35,20,13,15.8,7.16,2.93
130,1/11/2018 6:00,22,17,19.5,74.3,69,71.65,17,10,12.8,6.71,1.46
131,1/11/2018 7:00,22.6,17.6,20.1,60,54.7,57.35,17.6,10.6,13.4,51.86,3.21
132,1/11/2018 8:00,25,20,22.5,58,52.7,55.35,20,13,15.8,7.6,4.69
133,1/11/2018 9:00,25,20,22.5,48.3,43,45.65,20,13,15.8,7.16,5.67
134,1/11/2018 10:00,24.9,19.9,22.4,47,41.7,44.35,19.9,12.9,15.7,6.26,5.09
135,1/11/2018 11:00,25.2,20.2,22.7,48,42.7,45.35,20.2,13.2,16,6.26,5.44
136,1/11/2018 12:00,26,21,23.5,55,49.7,52.35,21,14,16.8,7.16,5.49
137,1/11/2018 13:00,27,22,24.5,63,57.7,60.35,22,15,17.8,7.16,5.2
138,1/11/2018 14:00,27.5,22.5,25,67.3,62,64.65,22.5,15.5,18.3,8.95,4.88
139,1/11/2018 15:00,28,23,25.5,71.2,65.9,68.55,23,16,18.8,8.05,5.12
140,1/11/2018 16:00,27.9,22.9,25.4,73,67.7,70.35,22.9,15.9,18.7,6.71,4.07
141,1/11/2018 17:00,26,21,23.5,73,67.7,70.35,21,14,16.8,7.16,3.68
142,1/11/2018 18:00,25,20,22.5,75.3,70,72.65,20,13,15.8,7.16,2.87
143,1/12/2018 6:00,22.9,17.9,20.4,72.3,67,69.65,17.9,10.9,13.7,7.16,1.52
144,1/12/2018 7:00,23,18,20.5,60,54.7,57.35,18,11,13.8,6.71,3.42
145,1/12/2018 8:00,24.1,19.1,21.6,57,51.7,54.35,19.1,12.1,14.9,7.16,4.31
146,1/12/2018 9:00,23,18,20.5,49,43.7,46.35,18,11,13.8,6.26,4.5
147,1/12/2018 10:00,23.9,18.9,21.4,46.7,41.4,44.05,18.9,11.9,14.7,6.71,4.71
148,1/12/2018 11:00,24,19,21.5,48,42.7,45.35,19,12,14.8,7.16,5.26
149,1/12/2018 12:00,25,20,22.5,55,49.7,52.35,20,13,15.8,7.16,5.01
150,1/12/2018 13:00,26.5,21.5,24,63.7,58.4,61.05,21.5,14.5,17.3,6.26,4.43
151,1/12/2018 14:00,25.9,20.9,23.4,66,60.7,63.35,20.9,13.9,16.7,6.26,3.75
152,1/12/2018 15:00,26,21,23.5,70,64.7,67.35,21,14,16.8,6.26,3.88
153,1/12/2018 16:00,26.2,21.2,23.7,73.5,68.2,70.85,21.2,14.2,17,6.26,3.56
154,1/12/2018 17:00,26,21,23.5,74,68.7,71.35,21,14,16.8,6.26,3.52
155,1/12/2018 18:00,25,20,22.5,75,69.7,72.35,20,13,15.8,5.82,2.94
156,1/13/2018 6:00,22,17,19.5,72,66.7,69.35,17,10,12.8,6.71,1.73
157,1/13/2018 7:00,22.6,17.6,20.1,63,57.7,60.35,17.6,10.6,13.4,6.26,2.62
158,1/13/2018 8:00,25,20,22.5,58,52.7,55.35,20,13,15.8,12.52,5.37
159,1/13/2018 9:00,25,20,22.5,51.7,46.4,49.05,20,13,15.8,7.16,5.36
160,1/13/2018 10:00,24.9,19.9,22.4,46,40.7,43.35,19.9,12.9,15.7,7.16,5.45
161,1/13/2018 11:00,25.2,20.2,22.7,47,41.7,44.35,20.2,13.2,16,7.16,5.83
162,1/13/2018 12:00,26,21,23.5,54.7,49.4,52.05,21,14,16.8,7.6,5.53
163,1/13/2018 13:00,27,22,24.5,63,57.7,60.35,22,15,17.8,7.16,5.2
164,1/13/2018 14:00,27.5,22.5,25,67,61.7,64.35,22.5,15.5,18.3,7.6,4.78
165,1/13/2018 15:00,28,23,25.5,69.3,64,66.65,23,16,18.8,6.26,4.88
166,1/13/2018 16:00,27.9,22.9,25.4,72.6,67.3,69.95,22.9,15.9,18.7,7.16,4.23
167,1/13/2018 17:00,26,21,23.5,70,64.7,67.35,21,14,16.8,7.6,3.98
168,1/13/2018 18:00,25,20,22.5,75,69.7,72.35,20,13,15.8,6.71,2.93
169,1/14/2018 6:00,22,17,19.5,72,66.7,69.35,17,10,12.8,7.6,1.61
170,1/14/2018 7:00,22.6,17.6,20.1,60.2,54.9,57.55,17.6,10.6,13.4,7.6,2.95
171,1/14/2018 8:00,25,20,22.5,58,52.7,55.35,20,13,15.8,7.16,4.69
172,1/14/2018 9:00,25,20,22.5,48.6,43.3,45.95,20,13,15.8,6.71,5.39
173,1/14/2018 10:00,24.9,19.9,22.4,46,40.7,43.35,19.9,12.9,15.7,7.16,5.45
174,1/14/2018 11:00,25.2,20.2,22.7,48,42.7,45.35,20.2,13.2,16,7.6,5.73
175,1/14/2018 12:00,26,21,23.5,55,49.7,52.35,21,14,16.8,8.95,5.72
176,1/14/2018 13:00,27,22,24.5,63.6,58.3,60.95,22,15,17.8,8.95,5.34
177,1/14/2018 14:00,27.5,22.5,25,67,61.7,64.35,22.5,15.5,18.3,7.6,4.78
178,1/14/2018 15:00,28,23,25.5,70.3,65,67.65,23,16,18.8,7.6,4.99
179,1/14/2018 16:00,28,23,25.5,73,67.7,70.35,23,16,18.8,7.16,4.76
180,1/14/2018 17:00,28.9,23.9,26.4,71.45,66.15,68.8,23.9,16.9,19.7,7.16,4.86
181,1/14/2018 18:00,27,22,24.5,75.4,70.1,72.75,22,15,17.8,7.16,3.97
182,1/15/2018 6:00,20.5,15.5,18,54.975,49.675,52.325,15.5,8.5,11.3,6.71,2.6
183,1/15/2018 7:00,21.3,16.3,18.8,50.645,45.345,47.995,16.3,9.3,12.1,7.6,3.57
184,1/15/2018 8:00,25,20,22.5,47.755,42.455,45.105,20,13,15.8,6.26,5.48
185,1/15/2018 9:00,26.1,21.1,23.6,41.005,35.705,38.355,21.1,14.1,16.9,7.16,6.89
186,1/15/2018 10:00,26.8,21.8,24.3,36.975,31.675,34.325,21.8,14.8,17.6,10.29,8.43
187,1/15/2018 11:00,27.3,22.3,24.8,36.075,30.775,33.425,22.3,15.3,18.1,8.95,8.26
188,1/15/2018 12:00,27.3,22.3,24.8,36.535,31.235,33.885,22.3,15.3,18.1,7.6,7.75
189,1/15/2018 13:00,29.65,24.65,27.15,29.975,24.675,27.325,24.65,17.65,20.45,7.16,9.18
190,1/15/2018 14:00,31,26,28.5,30.975,25.675,28.325,26,19,21.8,7.16,9.91
191,1/15/2018 15:00,30.85,25.85,28.35,32.315,27.015,29.665,25.85,18.85,21.65,7.6,9.32
192,1/15/2018 16:00,26.7,21.7,24.2,57.475,52.175,54.825,21.7,14.7,17.5,7.16,5.2
193,1/15/2018 17:00,25.25,20.25,22.75,60.345,55.045,57.695,20.25,13.25,16.05,7.6,4.43
194,1/15/2018 18:00,22.95,17.95,20.45,61.955,56.655,59.305,17.95,10.95,13.75,8.05,2.77
195,1/16/2018 6:00,20.45,15.45,17.95,54.975,49.675,52.325,15.45,8.45,11.25,8.05,2.62
196,1/16/2018 7:00,22.05,17.05,19.55,50.645,45.345,47.995,17.05,10.05,12.85,9.39,4.26
197,1/16/2018 8:00,25.35,20.35,22.85,47.755,42.455,45.105,20.35,13.35,16.15,8.05,6.03
198,1/16/2018 9:00,26.3,21.3,23.8,41.255,35.955,38.605,21.3,14.3,17.1,7.6,6.89
199,1/16/2018 10:00,27.1,22.1,24.6,36.975,31.675,34.325,22.1,15.1,17.9,6.71,7.25
200,1/16/2018 11:00,27.3,22.3,24.8,36.075,30.775,33.425,22.3,15.3,18.1,29.96,12.93
201,1/16/2018 12:00,28.25,23.25,25.75,36.535,31.235,33.885,23.25,16.25,19.05,6.71,7.63
202,1/16/2018 13:00,30.3,25.3,27.8,29.975,24.675,27.325,25.3,18.3,21.1,7.6,9.61
203,1/16/2018 14:00,31.4,26.4,28.9,30.975,25.675,28.325,26.4,19.4,22.2,6.71,9.17
204,1/16/2018 15:00,31.55,26.55,29.05,32.315,27.015,29.665,26.55,19.55,22.35,6.26,8.99
205,1/16/2018 16:00,27.05,22.05,24.55,57.475,52.175,54.825,22.05,15.05,17.85,9.39,6.21
206,1/16/2018 17:00,25.55,20.55,23.05,60.345,55.045,57.695,20.55,13.55,16.35,7.16,4.4
207,1/16/2018 18:00,23.5,18.5,21,61.955,56.655,59.305,18.5,11.5,14.3,6.26,3.23
208,1/17/2018 6:00,20.5,15.5,18,54.975,49.675,52.325,15.5,8.5,11.3,6.71,2.6
209,1/17/2018 7:00,21.3,16.3,18.8,50.645,45.345,47.995,16.3,9.3,12.1,8.05,3.64
210,1/17/2018 8:00,25,20,22.5,47.755,42.455,45.105,20,13,15.8,6.26,5.48
211,1/17/2018 9:00,26.1,21.1,23.6,41.005,35.705,38.355,21.1,14.1,16.9,4.48,5.53
212,1/17/2018 10:00,26.8,21.8,24.3,36.975,31.675,34.325,21.8,14.8,17.6,5.82,6.34
213,1/17/2018 11:00,27.3,22.3,24.8,36.075,30.775,33.425,22.3,15.3,18.1,5.82,6.74
214,1/17/2018 12:00,27.3,22.3,24.8,36.535,31.235,33.885,22.3,15.3,18.1,6.26,7.25
215,1/17/2018 13:00,29.65,24.65,27.15,29.975,24.675,27.325,24.65,17.65,20.45,6.26,8.52
216,1/17/2018 14:00,31,26,28.5,30.975,25.675,28.325,26,19,21.8,3.13,6.47
217,1/17/2018 15:00,30.85,25.85,28.35,32.315,27.015,29.665,25.85,18.85,21.65,3.58,6.16
218,1/17/2018 16:00,26.7,21.7,24.2,57.475,52.175,54.825,21.7,14.7,17.5,4.48,4.43
219,1/17/2018 17:00,25.25,20.25,22.75,60.345,55.045,57.695,20.25,13.25,16.05,5.37,4.11
220,1/17/2018 18:00,22.95,17.95,20.45,61.955,56.655,59.305,17.95,10.95,13.75,6.26,2.77
221,1/18/2018 6:00,20.45,15.45,17.95,54.975,49.675,52.325,15.45,8.45,11.25,5.82,2.63
222,1/18/2018 7:00,22.05,17.05,19.55,50.645,45.345,47.995,17.05,10.05,12.85,7.6,4.04
223,1/18/2018 8:00,25.35,20.35,22.85,47.755,42.455,45.105,20.35,13.35,16.15,6.26,5.48
224,1/18/2018 9:00,26.3,21.3,23.8,41.255,35.955,38.605,21.3,14.3,17.1,8.95,7.25
225,1/18/2018 10:00,27.1,22.1,24.6,36.975,31.675,34.325,22.1,15.1,17.9,8.05,8.2
226,1/18/2018 11:00,27.5,22.5,25,36.075,30.775,33.425,22.5,15.5,18.3,6.71,7.27
227,1/18/2018 12:00,28.25,23.25,25.75,36.535,31.235,33.885,23.25,16.25,19.05,6.26,7.63
228,1/18/2018 13:00,30.3,25.3,27.8,29.975,24.675,27.325,25.3,18.3,21.1,6.71,8.9
229,1/18/2018 14:00,31.4,26.4,28.9,30.975,25.675,28.325,26.4,19.4,22.2,6.26,9.17
230,1/18/2018 15:00,31.55,26.55,29.05,32.315,27.015,29.665,26.55,19.55,22.35,6.71,8.99
231,1/18/2018 16:00,27.05,22.05,24.55,57.475,52.175,54.825,22.05,15.05,17.85,6.26,5.44
232,1/18/2018 17:00,25.55,20.55,23.05,60.345,55.045,57.695,20.55,13.55,16.35,7.16,4.4
233,1/18/2018 18:00,23.5,18.5,21,61.955,56.655,59.305,18.5,11.5,14.3,6.71,3.23
234,1/19/2018 6:00,20.5,15.5,18,54.975,49.675,52.325,15.5,8.5,11.3,6.71,2.6
235,1/19/2018 7:00,21.3,16.3,18.8,50.645,45.345,47.995,16.3,9.3,12.1,6.26,3.49
236,1/19/2018 8:00,25,20,22.5,47.755,42.455,45.105,20,13,15.8,6.26,5.48
237,1/19/2018 9:00,26.1,21.1,23.6,41.005,35.705,38.355,21.1,14.1,16.9,4.48,5.53
238,1/19/2018 10:00,26.8,21.8,24.3,36.975,31.675,34.325,21.8,14.8,17.6,5.37,6.34
239,1/19/2018 11:00,27.5,22.5,25,36.075,30.775,33.425,22.5,15.5,18.3,5.37,6.71
240,1/19/2018 12:00,27.5,22.5,25,36.535,31.235,33.885,22.5,15.5,18.3,4.48,6.05
241,1/19/2018 13:00,29.65,24.65,27.15,29.975,24.675,27.325,24.65,17.65,20.45,5.37,7.79
242,1/19/2018 14:00,31,26,28.5,30.975,25.675,28.325,26,19,21.8,6.71,9.17
243,1/19/2018 15:00,30.85,25.85,28.35,32.315,27.015,29.665,25.85,18.85,21.65,6.71,8.64
244,1/19/2018 16:00,26.7,21.7,24.2,57.475,52.175,54.825,21.7,14.7,17.5,6.71,4.97
245,1/19/2018 17:00,25.25,20.25,22.75,60.345,55.045,57.695,20.25,13.25,16.05,6.26,4.28
246,1/19/2018 18:00,22.95,17.95,20.45,61.955,56.655,59.305,17.95,10.95,13.75,6.71,2.77
247,1/20/2018 6:00,20.45,15.45,17.95,54.975,49.675,52.325,15.45,8.45,11.25,6.26,2.62
248,1/20/2018 7:00,22.05,17.05,19.55,50.645,45.345,47.995,17.05,10.05,12.85,5.82,3.78
249,1/20/2018 8:00,25.35,20.35,22.85,47.755,42.455,45.105,20.35,13.35,16.15,5.37,5.16
250,1/20/2018 9:00,26.3,21.3,23.8,41.255,35.955,38.605,21.3,14.3,17.1,5.82,6.03
251,1/20/2018 10:00,27.1,22.1,24.6,36.975,31.675,34.325,22.1,15.1,17.9,6.26,7.25
252,1/20/2018 11:00,27.5,22.5,25,36.075,30.775,33.425,22.5,15.5,18.3,4.48,6.09
253,1/20/2018 12:00,28.25,23.25,25.75,36.535,31.235,33.885,23.25,16.25,19.05,5.82,7.03
254,1/20/2018 13:00,30.3,25.3,27.8,29.975,24.675,27.325,25.3,18.3,21.1,6.26,8.9
255,1/20/2018 14:00,31.4,26.4,28.9,30.975,25.675,28.325,26.4,19.4,22.2,4.03,7.46
256,1/20/2018 15:00,31.55,26.55,29.05,32.315,27.015,29.665,26.55,19.55,22.35,5.37,8.2
257,1/20/2018 16:00,27.05,22.05,24.55,57.475,52.175,54.825,22.05,15.05,17.85,4.48,4.79
258,1/20/2018 17:00,25.55,20.55,23.05,60.345,55.045,57.695,20.55,13.55,16.35,5.82,4.08
259,1/20/2018 18:00,23.5,18.5,21,61.955,56.655,59.305,18.5,11.5,14.3,4.48,3.12
260,1/21/2018 6:00,20.5,15.5,18,54.975,49.675,52.325,15.5,8.5,11.3,4.03,2.6
261,1/21/2018 7:00,21.3,16.3,18.8,50.645,45.345,47.995,16.3,9.3,12.1,5.37,3.39
262,1/21/2018 8:00,25,20,22.5,47.755,42.455,45.105,20,13,15.8,4.48,4.8
263,1/21/2018 9:00,26.1,21.1,23.6,41.005,35.705,38.355,21.1,14.1,16.9,4.48,5.53
264,1/21/2018 10:00,26.8,21.8,24.3,36.975,31.675,34.325,21.8,14.8,17.6,4.48,5.78
265,1/21/2018 11:00,27.5,22.5,25,36.075,30.775,33.425,22.5,15.5,18.3,4.48,6.09
266,1/21/2018 12:00,27.5,22.5,25,36.535,31.235,33.885,22.5,15.5,18.3,4.48,6.05
267,1/21/2018 13:00,29.65,24.65,27.15,29.975,24.675,27.325,24.65,17.65,20.45,5.37,7.79
268,1/21/2018 14:00,31,26,28.5,30.975,25.675,28.325,26,19,21.8,5.37,8.36
269,1/21/2018 15:00,30.85,25.85,28.35,32.315,27.015,29.665,25.85,18.85,21.65,5.37,7.89
270,1/21/2018 16:00,26.7,21.7,24.2,57.475,52.175,54.825,21.7,14.7,17.5,5.82,4.72
271,1/21/2018 17:00,25.25,20.25,22.75,60.345,55.045,57.695,20.25,13.25,16.05,7.6,4.43
272,1/21/2018 18:00,22.95,17.95,20.45,61.955,56.655,59.305,17.95,10.95,13.75,4.48,2.76
273,1/22/2018 6:00,20.45,15.45,17.95,54.975,49.675,52.325,15.45,8.45,11.25,5.37,2.63
274,1/22/2018 7:00,22.05,17.05,19.55,50.645,45.345,47.995,17.05,10.05,12.85,5.37,3.78
275,1/22/2018 8:00,25.35,20.35,22.85,47.755,42.455,45.105,20.35,13.35,16.15,5.37,5.16
276,1/22/2018 9:00,26.3,21.3,23.8,41.255,35.955,38.605,21.3,14.3,17.1,6.26,6.48
277,1/22/2018 10:00,27.1,22.1,24.6,36.975,31.675,34.325,22.1,15.1,17.9,5.37,6.7
278,1/22/2018 11:00,27.5,22.5,25,36.075,30.775,33.425,22.5,15.5,18.3,5.82,6.71
279,1/22/2018 12:00,28.25,23.25,25.75,36.535,31.235,33.885,23.25,16.25,19.05,4.48,6.36
280,1/22/2018 13:00,30.3,25.3,27.8,29.975,24.675,27.325,25.3,18.3,21.1,6.26,8.9
281,1/22/2018 14:00,31.4,26.4,28.9,30.975,25.675,28.325,26.4,19.4,22.2,5.82,8.36
282,1/22/2018 15:00,31.55,26.55,29.05,32.315,27.015,29.665,26.55,19.55,22.35,6.26,8.99
283,1/22/2018 16:00,27.05,22.05,24.55,57.475,52.175,54.825,22.05,15.05,17.85,5.37,5.14
284,1/22/2018 17:00,25.55,20.55,23.05,60.345,55.045,57.695,20.55,13.55,16.35,5.37,4.08
285,1/22/2018 18:00,23.5,18.5,21,61.955,56.655,59.305,18.5,11.5,14.3,6.26,3.23
286,1/23/2018 6:00,20.45,15.45,17.95,54.975,49.675,52.325,15.45,8.45,11.25,5.82,2.63
287,1/23/2018 7:00,22.05,17.05,19.55,50.645,45.345,47.995,17.05,10.05,12.85,5.37,3.78
288,1/23/2018 8:00,25.35,20.35,22.85,47.755,42.455,45.105,20.35,13.35,16.15,4.48,4.8
289,1/23/2018 9:00,26.3,21.3,23.8,41.255,35.955,38.605,21.3,14.3,17.1,5.37,6.03
290,1/23/2018 10:00,27.1,22.1,24.6,36.975,31.675,34.325,22.1,15.1,17.9,5.82,6.7
291,1/23/2018 11:00,27.5,22.5,25,36.075,30.775,33.425,22.5,15.5,18.3,5.37,6.71
292,1/23/2018 12:00,28.25,23.25,25.75,36.535,31.235,33.885,23.25,16.25,19.05,5.37,7.03
293,1/23/2018 13:00,30.3,25.3,27.8,29.975,24.675,27.325,25.3,18.3,21.1,5.37,8.12
294,1/23/2018 14:00,31.4,26.4,28.9,30.975,25.675,28.325,26.4,19.4,22.2,4.48,7.46
295,1/23/2018 15:00,31.55,26.55,29.05,32.315,27.015,29.665,26.55,19.55,22.35,4.48,7.32
296,1/23/2018 16:00,27.05,22.05,24.55,57.475,52.175,54.825,22.05,15.05,17.85,4.48,4.79
297,1/23/2018 17:00,25.55,20.55,23.05,60.345,55.045,57.695,20.55,13.55,16.35,6.26,4.25
298,1/23/2018 18:00,23.5,18.5,21,61.955,56.655,59.305,18.5,11.5,14.3,5.37,3.18
299,1/24/2018 6:00,22.05,17.05,19.55,51.5,46.2,48.85,17.05,10.05,12.85,4.48,3.54
300,1/24/2018 7:00,25.35,20.35,22.85,47.755,42.455,45.105,20.35,13.35,16.15,5.37,5.16
301,1/24/2018 8:00,26.3,21.3,23.8,40.32,35.02,37.67,21.3,14.3,17.1,5.37,6.06
302,1/24/2018 9:00,27.1,22.1,24.6,36.975,31.675,34.325,22.1,15.1,17.9,5.82,6.7
303,1/24/2018 10:00,27.5,22.5,25,38.2,32.9,35.55,22.5,15.5,18.3,4.48,5.97
304,1/24/2018 11:00,28.25,23.25,25.75,36.535,31.235,33.885,23.25,16.25,19.05,4.48,6.36
305,1/24/2018 12:00,30.3,25.3,27.8,29.975,24.675,27.325,25.3,18.3,21.1,5.37,8.12
306,1/24/2018 13:00,31.4,26.4,28.9,31.2,25.9,28.55,26.4,19.4,22.2,4.03,7.44
307,1/24/2018 14:00,31.55,26.55,29.05,32.315,27.015,29.665,26.55,19.55,22.35,4.03,7.32
308,1/24/2018 15:00,27.05,22.05,24.55,56.3,51,53.65,22.05,15.05,17.85,4.48,4.86
309,1/24/2018 16:00,25.55,20.55,23.05,60.345,55.045,57.695,20.55,13.55,16.35,6.26,4.25
310,1/24/2018 17:00,23.5,18.5,21,62.3,57,59.65,18.5,11.5,14.3,5.82,3.09
311,1/24/2018 18:00,21.5,16.5,19,61.335,56.035,58.685,16.5,9.5,12.3,5.37,2.35
312,1/25/2018 6:00,20.45,15.45,17.95,54.975,49.675,52.325,15.45,8.45,11.25,5.37,2.63
313,1/25/2018 7:00,22.05,17.05,19.55,50.645,45.345,47.995,17.05,10.05,12.85,4.48,3.62
314,1/25/2018 8:00,25.35,20.35,22.85,47.8,42.5,45.15,20.35,13.35,16.15,4.48,4.8
315,1/25/2018 9:00,26.3,21.3,23.8,41.255,35.955,38.605,21.3,14.3,17.1,5.37,6.03
316,1/25/2018 10:00,27.1,22.1,24.6,36.975,31.675,34.325,22.1,15.1,17.9,6.26,7.25
317,1/25/2018 11:00,27.5,22.5,25,37.8,32.5,35.15,22.5,15.5,18.3,5.37,6.59
318,1/25/2018 12:00,28.25,23.25,25.75,36.535,31.235,33.885,23.25,16.25,19.05,5.37,7.03
319,1/25/2018 13:00,30.3,25.3,27.8,29.975,24.675,27.325,25.3,18.3,21.1,5.82,8.12
320,1/25/2018 14:00,31.4,26.4,28.9,31.9,26.6,29.25,26.4,19.4,22.2,6.26,9.1
321,1/25/2018 15:00,31.55,26.55,29.05,32.315,27.015,29.665,26.55,19.55,22.35,6.71,8.99
322,1/25/2018 16:00,27.05,22.05,24.55,57.475,52.175,54.825,22.05,15.05,17.85,6.26,5.44
323,1/25/2018 17:00,25.55,20.55,23.05,60.345,55.045,57.695,20.55,13.55,16.35,6.26,4.25
324,1/25/2018 18:00,23.5,18.5,21,61.955,56.655,59.305,18.5,11.5,14.3,5.37,3.18
325,1/26/2018 6:00,20.45,15.45,17.95,54.975,49.675,52.325,15.45,8.45,11.25,5.82,2.63
326,1/26/2018 7:00,22.05,17.05,19.55,50.645,45.345,47.995,17.05,10.05,12.85,5.82,3.78
327,1/26/2018 8:00,25.35,20.35,22.85,47.755,42.455,45.105,20.35,13.35,16.15,6.26,5.48
328,1/26/2018 9:00,26.3,21.3,23.8,41.255,35.955,38.605,21.3,14.3,17.1,6.26,6.48
329,1/26/2018 10:00,27.1,22.1,24.6,36.975,31.675,34.325,22.1,15.1,17.9,5.37,6.7
330,1/26/2018 11:00,27.5,22.5,25,36.075,30.775,33.425,22.5,15.5,18.3,5.37,6.71
331,1/26/2018 12:00,28.25,23.25,25.75,36.535,31.235,33.885,23.25,16.25,19.05,5.37,7.03
332,1/26/2018 13:00,29,24,26.5,29.975,24.675,27.325,24,17,19.8,4.48,7.02
333,1/26/2018 14:00,29.2,24.2,26.7,30.975,25.675,28.325,24.2,17.2,20,6.26,8.47
334,1/26/2018 15:00,29,24,26.5,32.315,27.015,29.665,24,17,19.8,6.26,8.31
335,1/26/2018 16:00,27.05,22.05,24.55,57.475,52.175,54.825,22.05,15.05,17.85,5.37,5.14
336,1/26/2018 17:00,25.55,20.55,23.05,60.345,55.045,57.695,20.55,13.55,16.35,5.82,4.08
337,1/26/2018 18:00,23.5,18.5,21,61.955,56.655,59.305,18.5,11.5,14.3,5.37,3.18
338,1/27/2018 6:00,20.45,15.45,17.95,51.5,46.2,48.85,15.45,8.45,11.25,4.48,2.87
339,1/27/2018 7:00,22.05,17.05,19.55,47.755,42.455,45.105,17.05,10.05,12.85,5.37,4.04
340,1/27/2018 8:00,25.35,20.35,22.85,40.32,35.02,37.67,20.35,13.35,16.15,4.48,5.26
341,1/27/2018 9:00,26.3,21.3,23.8,36.975,31.675,34.325,21.3,14.3,17.1,5.37,6.37
342,1/27/2018 10:00,26.9,21.9,24.4,38.2,32.9,35.55,21.9,14.9,17.7,5.37,6.23
343,1/27/2018 11:00,27.5,22.5,25,36.535,31.235,33.885,22.5,15.5,18.3,5.37,6.67
344,1/27/2018 12:00,28.25,23.25,25.75,29.975,24.675,27.325,23.25,16.25,19.05,5.37,7.52
345,1/27/2018 13:00,29.4,24.4,26.9,31.2,25.9,28.55,24.4,17.4,20.2,5.82,7.73
346,1/27/2018 14:00,29.2,24.2,26.7,32.315,27.015,29.665,24.2,17.2,20,5.82,7.62
347,1/27/2018 15:00,29.4,24.4,26.9,56.3,51,53.65,24.4,17.4,20.2,5.37,5.97
348,1/27/2018 16:00,27.05,22.05,24.55,60.345,55.045,57.695,22.05,15.05,17.85,4.48,4.61
349,1/27/2018 17:00,25.55,20.55,23.05,62.3,57,59.65,20.55,13.55,16.35,4.48,3.76
350,1/27/2018 18:00,23.5,18.5,21,61.335,56.035,58.685,18.5,11.5,14.3,5.37,3.18
351,1/28/2018 6:00,20.45,15.45,17.95,50.645,45.345,47.995,15.45,8.45,11.25,6.26,3.06
352,1/28/2018 7:00,22.05,17.05,19.55,47.8,42.5,45.15,17.05,10.05,12.85,5.82,4.04
353,1/28/2018 8:00,25.35,20.35,22.85,41.255,35.955,38.605,20.35,13.35,16.15,4.48,5.23
354,1/28/2018 9:00,25.9,20.9,23.4,36.975,31.675,34.325,20.9,13.9,16.7,5.37,6.01
355,1/28/2018 10:00,26.4,21.4,23.9,37.8,32.5,35.15,21.4,14.4,17.2,5.37,6.29
356,1/28/2018 11:00,27.5,22.5,25,36.535,31.235,33.885,22.5,15.5,18.3,4.03,6.05
357,1/28/2018 12:00,28.3,23.3,25.8,29.975,24.675,27.325,23.3,16.3,19.1,5.37,7.52
358,1/28/2018 13:00,29.2,24.2,26.7,31.9,26.6,29.25,24.2,17.2,20,6.71,8.39
359,1/28/2018 14:00,29.1,24.1,26.6,32.315,27.015,29.665,24.1,17.1,19.9,5.37,7.62
360,1/28/2018 15:00,29.4,24.4,26.9,57.475,52.175,54.825,24.4,17.4,20.2,5.82,5.9
361,1/28/2018 16:00,27.3,22.3,24.8,56,50.7,53.35,22.3,15.3,18.1,5.37,5.26
362,1/28/2018 17:00,25.4,20.4,22.9,57,51.7,54.35,20.4,13.4,16.2,5.37,4.4
363,1/28/2018 18:00,23.5,18.5,21,59,53.7,56.35,18.5,11.5,14.3,5.82,3.4
364,1/29/2018 6:00,22.05,17.05,19.55,50.645,45.345,47.995,17.05,10.05,12.85,6.26,3.92
365,1/29/2018 7:00,25.35,20.35,22.85,47.755,42.455,45.105,20.35,13.35,16.15,5.37,5.16
366,1/29/2018 8:00,25.9,20.9,23.4,41.255,35.955,38.605,20.9,13.9,16.7,5.37,5.65
367,1/29/2018 9:00,26.4,21.4,23.9,36.975,31.675,34.325,21.4,14.4,17.2,5.37,6.37
368,1/29/2018 10:00,27.5,22.5,25,36.075,30.775,33.425,22.5,15.5,18.3,5.82,6.71
369,1/29/2018 11:00,28.3,23.3,25.8,36.535,31.235,33.885,23.3,16.3,19.1,4.48,6.36
370,1/29/2018 12:00,29.2,24.2,26.7,29.975,24.675,27.325,24.2,17.2,20,5.82,7.82
371,1/29/2018 13:00,29.1,24.1,26.6,30.975,25.675,28.325,24.1,17.1,19.9,4.48,6.96
372,1/29/2018 14:00,29.4,24.4,26.9,32.315,27.015,29.665,24.4,17.4,20.2,5.82,7.62
373,1/29/2018 15:00,27.3,22.3,24.8,57.475,52.175,54.825,22.3,15.3,18.1,6.26,5.44
374,1/29/2018 16:00,25.4,20.4,22.9,60.345,55.045,57.695,20.4,13.4,16.2,5.37,4.11
375,1/29/2018 17:00,23.5,18.5,21,60,54.7,57.35,18.5,11.5,14.3,6.26,3.39
376,1/29/2018 18:00,21,16,18.5,61.4,56.1,58.75,16,9,11.8,5.82,2.38
377,1/30/2018 6:00,22.05,17.05,19.55,29,23.7,26.35,17.05,10.05,12.85,6.26,6.1
378,1/30/2018 7:00,25.35,20.35,22.85,17.28,11.98,14.63,20.35,13.35,16.15,6.26,8.25
379,1/30/2018 8:00,25,20,22.5,26.45,21.15,23.8,20,13,15.8,5.82,6.82
380,1/30/2018 9:00,26.3,21.3,23.8,14.28,8.98,11.63,21.3,14.3,17.1,5.37,8.05
381,1/30/2018 10:00,27.5,22.5,25,13,7.7,10.35,22.5,15.5,18.3,5.37,8.35
382,1/30/2018 11:00,29,24,26.5,12.56,7.26,9.91,24,17,19.8,5.37,8.92
383,1/30/2018 12:00,29.5,24.5,27,13.37,8.07,10.72,24.5,17.5,20.3,5.37,8.83
384,1/30/2018 13:00,29.9,24.9,27.4,14,8.7,11.35,24.9,17.9,20.7,5.37,8.8
385,1/30/2018 14:00,30.4,25.4,27.9,16.28,10.98,13.63,25.4,18.4,21.2,5.37,8.97
386,1/30/2018 15:00,27.3,22.3,24.8,19.28,13.98,16.63,22.3,15.3,18.1,5.37,7.97
387,1/30/2018 16:00,26,21,23.5,40,34.7,37.35,21,14,16.8,6.26,6.57
388,1/30/2018 17:00,24,19,21.5,26.89,21.59,24.24,19,12,14.8,5.82,6.52
389,1/30/2018 18:00,23,18,20.5,29,23.7,26.35,18,11,13.8,5.82,6
390,1/31/2018 6:00,22.05,17.05,19.55,29,23.7,26.35,17.05,10.05,12.85,6.26,6.1
391,1/31/2018 7:00,25.35,20.35,22.85,17.28,11.98,14.63,20.35,13.35,16.15,5.37,7.56
392,1/31/2018 8:00,26,21,23.5,15,9.7,12.35,21,14,16.8,5.82,7.98
393,1/31/2018 9:00,26.3,21.3,23.8,14.28,8.98,11.63,21.3,14.3,17.1,6.26,8.82
394,1/31/2018 10:00,28,23,25.5,13,7.7,10.35,23,16,18.8,6.71,9.51
395,1/31/2018 11:00,29,24,26.5,12.56,7.26,9.91,24,17,19.8,7.16,10.68
396,1/31/2018 12:00,29.5,24.5,27,13.37,8.07,10.72,24.5,17.5,20.3,6.71,9.74
397,1/31/2018 13:00,30,25,27.5,14,8.7,11.35,25,18,20.8,6.71,10.04
398,1/31/2018 14:00,32,27,29.5,16.28,10.98,13.63,27,20,22.8,5.82,9.48
399,1/31/2018 15:00,34,29,31.5,19.28,13.98,16.63,29,22,24.8,5.37,9.83
400,1/31/2018 16:00,35,30,32.5,43.2,37.9,40.55,30,23,25.8,6.26,9.75
401,1/31/2018 17:00,34.6,29.6,32.1,26.89,21.59,24.24,29.6,22.6,25.4,5.82,9.4
402,1/31/2018 18:00,34,29,31.5,28.9,23.6,26.25,29,22,24.8,6.26,10.32
403,5/1/2018 6:00,31.4,27.3,27.8,20.5,15.7,18.55,24.5,18.8,21.4,6.26,10.08
404,5/1/2018 7:00,32.7,28.6,29.1,8.78,3.98,6.83,25.8,20.1,22.7,5.82,9.99
405,5/1/2018 8:00,33,28.9,29.4,6.7,1.9,4.75,26.1,20.4,23,6.26,11.38
406,5/1/2018 9:00,33,28.9,29.4,5.78,0.98,3.83,26.1,20.4,23,5.82,10.25
407,5/1/2018 10:00,35.4,31.3,31.8,5.2,0.4,3.25,28.5,22.8,25.4,5.82,10.79
408,5/1/2018 11:00,37.4,33.3,33.8,4.06,-0.74,2.11,30.5,24.8,27.4,5.82,11.21
409,5/1/2018 12:00,37.7,33.6,34.1,4.87,0.07,2.92,30.8,25.1,27.7,6.26,12.55
410,5/1/2018 13:00,38.4,34.3,34.8,5.8,1,3.85,31.5,25.8,28.4,5.82,11.4
411,5/1/2018 14:00,39.4,35.3,35.8,7.78,2.98,5.83,32.5,26.8,29.4,6.26,13.01
412,5/1/2018 15:00,39.4,35.3,35.8,11.73,6.93,9.78,32.5,26.8,29.4,6.71,12.86
413,5/1/2018 16:00,38.7,34.6,35.1,31.5,26.7,29.55,31.8,26.1,28.7,7.16,12.68
414,5/1/2018 17:00,40,35.9,36.4,18.39,13.59,16.44,33.1,27.4,30,6.26,12.69
415,5/1/2018 18:00,39.3,35.2,35.7,20.4,15.6,18.45,32.4,26.7,29.3,5.82,11.15
416,5/2/2018 6:00,39.18,35.08,35.58,20.5,15.7,18.55,32.28,26.58,29.18,5.82,11.15
417,5/2/2018 7:00,39.4,35.3,35.8,8.78,3.98,6.83,32.5,26.8,29.4,5.37,11.55
418,5/2/2018 8:00,39.9,35.8,36.3,6.4,1.6,4.45,33,27.3,29.9,7.16,14.35
419,5/2/2018 9:00,41.1,37,37.5,5.78,0.98,3.83,34.2,28.5,31.1,6.71,13.53
420,5/2/2018 10:00,41.6,37.5,38,4.5,-0.3,2.55,34.7,29,31.6,6.71,13.49
421,5/2/2018 11:00,41.9,37.8,38.3,4.06,-0.74,2.11,35,29.3,31.9,7.16,14.94
422,5/2/2018 12:00,42,37.9,38.4,5.2,0.4,3.25,35.1,29.4,32,6.71,13.64
423,5/2/2018 13:00,43.2,39.1,39.6,5.5,0.7,3.55,36.3,30.6,33.2,6.26,13.98
424,5/2/2018 14:00,44,39.9,40.4,7.78,2.98,5.83,37.1,31.4,34,6.71,14.05
425,5/2/2018 15:00,40.4,36.3,36.8,10.2,5.4,8.25,33.5,27.8,30.4,5.82,11.7
426,5/2/2018 16:00,39.6,35.5,36,31.5,26.7,29.55,32.7,27,29.6,6.26,11.89
427,5/2/2018 17:00,40.1,36,36.5,18.39,13.59,16.44,33.2,27.5,30.1,7.6,14.12
428,5/2/2018 18:00,38.4,34.3,34.8,20.4,15.6,18.45,31.5,25.8,28.4,6.26,12.18
429,5/3/2018 6:00,34.1,30,30.5,20.5,15.7,18.55,27.2,21.5,24.1,7.16,12
430,5/3/2018 7:00,43,38.9,39.4,8.78,3.98,6.83,36.1,30.4,33,6.71,13.81
431,5/3/2018 8:00,42.4,38.3,38.8,6.5,1.7,4.55,35.5,29.8,32.4,7.16,15.22
432,5/3/2018 9:00,43.4,39.3,39.8,5.78,0.98,3.83,36.5,30.8,33.4,6.71,13.98
433,5/3/2018 10:00,44.4,40.3,40.8,4.5,-0.3,2.55,37.5,31.8,34.4,6.71,14.2
434,5/3/2018 11:00,45,40.9,41.4,4.06,-0.74,2.11,38.1,32.4,35,6.71,14.3
435,5/3/2018 12:00,45.3,41.2,41.7,4.87,0.07,2.92,38.4,32.7,35.3,6.26,14.41
436,5/3/2018 13:00,46.4,42.3,42.8,5.5,0.7,3.55,39.5,33.8,36.4,6.26,14.62
437,5/3/2018 14:00,46,41.9,42.4,7.78,2.98,5.83,39.1,33.4,36,7.16,16.12
438,5/3/2018 15:00,44.4,40.3,40.8,10.78,5.98,8.83,37.5,31.8,34.4,5.82,12.48
439,5/3/2018 16:00,42.4,38.3,38.8,33.3,28.5,31.35,35.5,29.8,32.4,6.71,12.74
440,5/3/2018 17:00,41.1,37,37.5,18.39,13.59,16.44,34.2,28.5,31.1,6.71,13.1
441,5/3/2018 18:00,40.4,36.3,36.8,20.5,15.7,18.55,33.5,27.8,30.4,5.82,11.38
442,5/4/2018 6:00,32.3,28.2,28.7,20.6,15.8,18.65,25.4,19.7,22.3,6.26,10.39
443,5/4/2018 7:00,34.4,30.3,30.8,8.78,3.98,6.83,27.5,21.8,24.4,6.26,11.68
444,5/4/2018 8:00,34.9,30.8,31.3,6.5,1.7,4.55,28,22.3,24.9,6.71,11.74
445,5/4/2018 9:00,34.3,30.2,30.7,5.78,0.98,3.83,27.4,21.7,24.3,7.16,12.96
446,5/4/2018 10:00,35.3,31.2,31.7,4.5,-0.3,2.55,28.4,22.7,25.3,5.82,10.8
447,5/4/2018 11:00,35.4,31.3,31.8,4.06,-0.74,2.11,28.5,22.8,25.4,6.26,12.09
448,5/4/2018 12:00,35.7,31.6,32.1,4.87,0.07,2.92,28.8,23.1,25.7,5.82,10.77
449,5/4/2018 13:00,37,32.9,33.4,5.5,0.7,3.55,30.1,24.4,27,7.16,13.7
450,5/4/2018 14:00,37.4,33.3,33.8,7.78,2.98,5.83,30.5,24.8,27.4,5.82,11.16
451,5/4/2018 15:00,38,33.9,34.4,10.78,5.98,8.83,31.1,25.4,28,6.71,12.51
452,5/4/2018 16:00,38.7,34.6,35.1,31.5,26.7,29.55,31.8,26.1,28.7,6.26,11.59
453,5/4/2018 17:00,40.4,36.3,36.8,18.39,13.59,16.44,33.5,27.8,30.4,6.26,12.83
454,5/4/2018 18:00,40.6,36.5,37,20.6,15.8,18.65,33.7,28,30.6,6.26,12.7
455,5/5/2018 6:00,39.18,35.08,35.58,20.5,15.7,18.55,32.28,26.58,29.18,6.71,12.47
456,5/5/2018 7:00,43.4,39.3,39.8,8.78,3.98,6.83,36.5,30.8,33.4,6.71,13.93
457,5/5/2018 8:00,44.76,40.66,41.16,5.8,1,3.85,37.86,32.16,34.76,6.26,14.15
458,5/5/2018 9:00,47.4,43.3,43.8,5.78,0.98,3.83,40.5,34.8,37.4,7.16,16.53
459,5/5/2018 10:00,46.9,42.8,43.3,4.7,-0.1,2.75,40,34.3,36.9,6.71,14.58
460,5/5/2018 11:00,47.4,43.3,43.8,4.06,-0.74,2.11,40.5,34.8,37.4,7.16,16.53
461,5/5/2018 12:00,47.4,43.3,43.8,4.87,0.07,2.92,40.5,34.8,37.4,6.26,14.82
462,5/5/2018 13:00,43,38,37,5.5,0.7,3.55,58.5,52.8,55.4,6.26,13.94
463,5/5/2018 14:00,48.9,44.8,45.3,7.78,2.98,5.83,42,36.3,38.9,6.26,14.98
464,5/5/2018 15:00,45.4,41.3,41.8,10.78,5.98,8.83,38.5,32.8,35.4,5.82,12.66
465,5/5/2018 16:00,41.4,37.3,37.8,31.5,26.7,29.55,34.5,28.8,31.4,7.16,13.77
466,5/5/2018 17:00,40.4,36.3,36.8,18.39,13.59,16.44,33.5,27.8,30.4,6.26,12.83
467,5/5/2018 18:00,40.4,36.3,36.8,20.5,15.7,18.55,33.5,27.8,30.4,6.26,12.74
468,5/6/2018 6:00,32.3,28.2,28.7,20.5,15.7,18.55,25.4,19.7,22.3,6.26,10.39
469,5/6/2018 7:00,34.4,30.3,30.8,8.78,3.98,6.83,27.5,21.8,24.4,6.71,11.68
470,5/6/2018 8:00,34.9,30.8,31.3,6.9,2.1,4.95,28,22.3,24.9,7.16,12.84
471,5/6/2018 9:00,34.3,30.2,30.7,5.78,0.98,3.83,27.4,21.7,24.3,6.26,11.82
472,5/6/2018 10:00,35.3,31.2,31.7,5.3,0.5,3.35,28.4,22.7,25.3,6.26,12.07
473,5/6/2018 11:00,35.4,31.3,31.8,4.06,-0.74,2.11,28.5,22.8,25.4,5.82,10.8
474,5/6/2018 12:00,35.7,31.6,32.1,4.87,0.07,2.92,28.8,23.1,25.7,6.26,12.05
475,5/6/2018 13:00,37,32.9,33.4,5.5,0.7,3.55,30.1,24.4,27,6.71,12.45
476,5/6/2018 14:00,37.4,33.3,33.8,7.78,2.98,5.83,30.5,24.8,27.4,6.26,12.51
477,5/6/2018 15:00,38,33.9,34.4,10.78,5.98,8.83,31.1,25.4,28,6.26,12.51
478,5/6/2018 16:00,38.7,34.6,35.1,31.5,26.7,29.55,31.8,26.1,28.7,7.16,12.68
479,5/6/2018 17:00,40.4,36.3,36.8,18.39,13.59,16.44,33.5,27.8,30.4,6.71,12.83
480,5/6/2018 18:00,40.6,36.5,37,20.5,15.7,18.55,33.7,28,30.6,6.26,12.7
481,5/7/2018 6:00,32.3,28.2,28.7,20.8,16,18.85,25.4,19.7,22.3,6.26,10.35
482,5/7/2018 7:00,34.4,30.3,30.8,8.78,3.98,6.83,27.5,21.8,24.4,7.16,12.79
483,5/7/2018 8:00,34.9,30.8,31.3,6.7,1.9,4.75,28,22.3,24.9,6.71,11.74
484,5/7/2018 9:00,34.3,30.2,30.7,5.78,0.98,3.83,27.4,21.7,24.3,6.71,11.82
485,5/7/2018 10:00,35.3,31.2,31.7,4.7,-0.1,2.75,28.4,22.7,25.3,6.71,12.09
486,5/7/2018 11:00,35.4,31.3,31.8,4.06,-0.74,2.11,28.5,22.8,25.4,6.26,12.09
487,5/7/2018 12:00,35.7,31.6,32.1,4.87,0.07,2.92,28.8,23.1,25.7,6.26,12.05
488,5/7/2018 13:00,37,32.9,33.4,5.5,0.7,3.55,30.1,24.4,27,6.26,12.45
489,5/7/2018 14:00,37.4,33.3,33.8,7.78,2.98,5.83,30.5,24.8,27.4,7.16,13.76
490,5/7/2018 15:00,38,33.9,34.4,10.78,5.98,8.83,31.1,25.4,28,6.71,12.51
491,5/7/2018 16:00,38.7,34.6,35.1,31.5,26.7,29.55,31.8,26.1,28.7,6.71,11.59
492,5/7/2018 17:00,40.4,36.3,36.8,18.39,13.59,16.44,33.5,27.8,30.4,6.26,12.83
493,5/7/2018 18:00,40.6,36.5,37,20.5,15.7,18.55,33.7,28,30.6,7.6,13.98
494,5/8/2018 6:00,39.18,35.08,35.58,21.3,16.5,19.35,32.28,26.58,29.18,5.82,11.11
495,5/8/2018 7:00,43.4,39.3,39.8,8.78,3.98,6.83,36.5,30.8,33.4,6.71,13.93
496,5/8/2018 8:00,44.76,40.66,41.16,6.5,1.7,4.55,37.86,32.16,34.76,6.26,14.15
497,5/8/2018 9:00,44.7,40.6,41.1,5.78,0.98,3.83,37.8,32.1,34.7,6.71,14.16
498,5/8/2018 10:00,45.4,41.3,41.8,4.5,-0.3,2.55,38.5,32.8,35.4,6.26,14.41
499,5/8/2018 11:00,45.3,41.2,41.7,4.06,-0.74,2.11,38.4,32.7,35.3,6.26,14.41
500,5/8/2018 12:00,45.9,41.8,42.3,4.87,0.07,2.92,39,33.3,35.9,6.26,14.37
501,5/8/2018 13:00,46.2,42.1,42.6,5.5,0.7,3.55,39.3,33.6,36.2,6.26,14.62
502,5/8/2018 14:00,44.4,40.3,40.8,7.78,2.98,5.83,37.5,31.8,34.4,8.05,17.2
503,5/8/2018 15:00,43.9,39.8,40.3,10.78,5.98,8.83,37,31.3,33.9,6.71,13.84
504,5/8/2018 16:00,41.4,37.3,37.8,31.5,26.7,29.55,34.5,28.8,31.4,6.71,12.53
505,5/8/2018 17:00,40.4,36.3,36.8,18.39,13.59,16.44,33.5,27.8,30.4,6.26,12.83
506,5/8/2018 18:00,40.1,36,36.5,20.5,15.7,18.55,33.2,27.5,30.1,6.71,12.74
507,5/9/2018 6:00,33.4,29.3,29.8,20.5,15.7,18.55,26.5,20.8,23.4,6.71,10.7
508,5/9/2018 7:00,34.4,30.3,30.8,8.78,3.98,6.83,27.5,21.8,24.4,7.16,12.79
509,5/9/2018 8:00,35.4,31.3,31.8,6.5,1.7,4.55,28.5,22.8,25.4,6.26,12.04
510,5/9/2018 9:00,36.3,32.2,32.7,5.78,0.98,3.83,29.4,23.7,26.3,7.16,13.55
511,5/9/2018 10:00,38.4,34.3,34.8,4.7,-0.1,2.75,31.5,25.8,28.4,7.16,14.15
512,5/9/2018 11:00,39.4,35.3,35.8,4.06,-0.74,2.11,32.5,26.8,29.4,6.26,13.07
513,5/9/2018 12:00,40,35.9,36.4,4.87,0.07,2.92,33.1,27.4,30,6.26,13.18
514,5/9/2018 13:00,40.1,36,36.5,9.5,4.7,7.55,33.2,27.5,30.1,6.26,13.19
515,5/9/2018 14:00,41.1,37,37.5,7.78,2.98,5.83,34.2,28.5,31.1,6.71,13.49
516,5/9/2018 15:00,41.3,37.2,37.7,10.78,5.98,8.83,34.4,28.7,31.3,5.82,11.9
517,5/9/2018 16:00,41.4,37.3,37.8,33.63,28.83,31.68,34.5,28.8,31.4,6.71,12.44
518,5/9/2018 17:00,41.2,37.1,37.6,18.39,13.59,16.44,34.3,28.6,31.2,7.16,14.44
519,5/9/2018 18:00,40.4,36.3,36.8,20.5,15.7,18.55,33.5,27.8,30.4,11.18,18.39
520,5/10/2018 6:00,34.4,30.3,30.8,20.5,15.7,18.55,27.5,21.8,24.4,8.95,12.93
521,5/10/2018 7:00,34.9,30.8,31.3,8.78,3.98,6.83,28,22.3,24.9,7.6,12.76
522,5/10/2018 8:00,35.3,31.2,31.7,6.5,1.7,4.55,28.4,22.7,25.3,6.71,12.04
523,5/10/2018 9:00,36.4,32.3,32.8,5.78,0.98,3.83,29.5,23.8,26.4,6.71,12.33
524,5/10/2018 10:00,37.7,33.6,34.1,4.5,-0.3,2.55,30.8,25.1,27.7,7.16,13.82
525,5/10/2018 11:00,38.9,34.8,35.3,4.06,-0.74,2.11,32,26.3,28.9,6.71,12.79
526,5/10/2018 12:00,39.4,35.3,35.8,4.87,0.07,2.92,32.5,26.8,29.4,8.05,15.7
527,5/10/2018 13:00,40.4,36.3,36.8,5.5,0.7,3.55,33.5,27.8,30.4,7.6,14.7
528,5/10/2018 14:00,39.4,35.3,35.8,7.78,2.98,5.83,32.5,26.8,29.4,7.16,14.35
529,5/10/2018 15:00,38.9,34.8,35.3,10.78,5.98,8.83,32,26.3,28.9,6.71,12.61
530,5/10/2018 16:00,39.4,35.3,35.8,31.5,26.7,29.55,32.5,26.8,29.4,6.71,11.93
531,5/10/2018 17:00,38.4,34.3,34.8,18.39,13.59,16.44,31.5,25.8,28.4,9.39,15.65
532,5/10/2018 18:00,37.9,33.8,34.3,20.5,15.7,18.55,31,25.3,27.9,8.05,14.06
533,5/11/2018 6:00,35,30.9,31.4,20.5,15.7,18.55,28.1,22.4,25,8.05,13.13
534,5/11/2018 7:00,33.8,29.7,30.2,8.78,3.98,6.83,26.9,21.2,23.8,8.05,13.43
535,5/11/2018 8:00,35.4,31.3,31.8,6.5,1.7,4.55,28.5,22.8,25.4,6.71,12.04
536,5/11/2018 9:00,35.8,31.7,32.2,5.78,0.98,3.83,28.9,23.2,25.8,8.05,14.32
537,5/11/2018 10:00,35.9,31.8,32.3,4.5,-0.3,2.55,29,23.3,25.9,7.6,13.24
538,5/11/2018 11:00,36.4,32.3,32.8,4.06,-0.74,2.11,29.5,23.8,26.4,8.05,14.71
539,5/11/2018 12:00,37.9,33.8,34.3,4.87,0.07,2.92,31,25.3,27.9,5.82,11.17
540,5/11/2018 13:00,37.9,33.8,34.3,5.87,1.07,3.92,31,25.3,27.9,8.95,14.97
541,5/11/2018 14:00,38.4,34.3,34.8,7.78,2.98,5.83,31.5,25.8,28.4,6.26,12.76
542,5/11/2018 15:00,41.4,37.3,37.8,10.78,5.98,8.83,34.5,28.8,31.4,7.16,14.8
543,5/11/2018 16:00,42,37.9,38.4,31.5,26.7,29.55,35.1,29.4,32,7.6,13.94
544,5/11/2018 17:00,39.4,35.3,35.8,18.39,13.59,16.44,32.5,26.8,29.4,8.05,14.97
545,5/11/2018 18:00,39.9,35.8,36.3,21.39,16.59,19.44,33,27.3,29.9,10.29,16.82
546,5/12/2018 6:00,35.3,31.2,31.7,20.5,15.7,18.55,28.4,22.7,25.3,9.84,14.22
547,5/12/2018 7:00,35.4,31.3,31.8,8.78,3.98,6.83,28.5,22.8,25.4,6.71,11.95
548,5/12/2018 8:00,36,31.9,32.4,6.5,1.7,4.55,29.1,23.4,26,7.6,13.36
549,5/12/2018 9:00,38.4,34.3,34.8,5.78,0.98,3.83,31.5,25.8,28.4,8.95,15.36
550,5/12/2018 10:00,39.4,35.3,35.8,5.17,0.37,3.22,32.5,26.8,29.4,9.39,16.88
551,5/12/2018 11:00,41,36.9,37.4,4.06,-0.74,2.11,34.1,28.4,31,9.39,17.45
552,5/12/2018 12:00,41.7,37.6,38.1,4.87,0.07,2.92,34.8,29.1,31.7,7.6,14.94
553,5/12/2018 13:00,42.9,38.8,39.3,5.5,0.7,3.55,36,30.3,32.9,7.16,15.21
554,5/12/2018 14:00,43.3,39.2,39.7,7.78,2.98,5.83,36.4,30.7,33.3,9.39,18.24
555,5/12/2018 15:00,44,39.9,40.4,10.78,5.98,8.83,37.1,31.4,34,7.6,15.5
556,5/12/2018 16:00,42.4,38.3,38.8,31.5,26.7,29.55,35.5,29.8,32.4,6.71,12.83
557,5/12/2018 17:00,32,27.9,28.4,19.17,14.37,17.22,25.1,19.4,22,7.6,11.2
558,5/12/2018 18:00,40.4,36.3,36.8,20.5,15.7,18.55,33.5,27.8,30.4,6.71,12.74
559,5/13/2018 6:00,35.4,31.3,31.8,20.5,15.7,18.55,28.5,22.8,25.4,6.71,11.31
560,5/13/2018 7:00,36,31.9,32.4,8.78,3.98,6.83,29.1,23.4,26,6.71,12.08
561,5/13/2018 8:00,36.3,32.2,32.7,6.5,1.7,4.55,29.4,23.7,26.3,6.71,12.29
562,5/13/2018 9:00,47.4,43.3,43.8,5.78,0.98,3.83,40.5,34.8,37.4,7.6,16.53
563,5/13/2018 10:00,46.9,42.8,43.3,4.5,-0.3,2.55,40,34.3,36.9,6.26,14.58
564,5/13/2018 11:00,47.4,43.3,43.8,5.17,0.37,3.22,40.5,34.8,37.4,6.71,14.82
565,5/13/2018 12:00,47.4,43.3,43.8,4.87,0.07,2.92,40.5,34.8,37.4,6.71,14.82
566,5/13/2018 13:00,42,37,37.3,5.5,0.7,3.55,58.5,52.8,55.4,6.26,13.68
567,5/13/2018 14:00,48.9,44.8,45.3,7.78,2.98,5.83,42,36.3,38.9,7.6,16.71
568,5/13/2018 15:00,45.4,41.3,41.8,10.4,5.6,8.45,38.5,32.8,35.4,7.16,15.91
569,5/13/2018 16:00,41.4,37.3,37.8,31.5,26.7,29.55,34.5,28.8,31.4,7.16,13.77
570,5/13/2018 17:00,40.4,36.3,36.8,18.39,13.59,16.44,33.5,27.8,30.4,7.6,14.12
571,5/13/2018 18:00,40.4,36.3,36.8,20.5,15.7,18.55,33.5,27.8,30.4,7.16,14.02
572,5/14/2018 6:00,34.77,30.67,31.17,72.98,68.18,71.03,27.87,22.17,24.77,7.16,8.12
573,5/14/2018 7:00,35.68,31.58,32.08,66.5,61.7,64.55,28.78,23.08,25.68,7.6,9.09
574,5/14/2018 8:00,36.4,32.3,32.8,59.99,55.19,58.04,29.5,23.8,26.4,7.16,10.04
575,5/14/2018 9:00,36.9,32.8,33.3,49.73,44.93,47.78,30,24.3,26.9,7.16,10.73
576,5/14/2018 10:00,38.4,34.3,34.8,41.98,37.18,40.03,31.5,25.8,28.4,6.71,11.06
577,5/14/2018 11:00,39.68,35.58,36.08,37.5,32.7,35.55,32.78,27.08,29.68,6.71,11.59
578,5/14/2018 12:00,38.4,34.3,34.8,36.86,32.06,34.91,31.5,25.8,28.4,5.82,10.2
579,5/14/2018 13:00,39.88,35.78,36.28,11.5,6.7,9.55,32.98,27.28,29.88,6.71,12.82
580,5/14/2018 14:00,40.4,36.3,36.8,34.88,30.08,32.93,33.5,27.8,30.4,8.05,14.31
581,5/14/2018 15:00,40.9,36.8,37.3,40.5,35.7,38.55,34,28.3,30.9,6.71,11.76
582,5/14/2018 16:00,36.4,32.3,32.8,46.08,41.28,44.13,29.5,23.8,26.4,6.71,10.11
583,5/14/2018 17:00,35.68,31.58,32.08,61.5,56.7,59.55,28.78,23.08,25.68,5.37,8.03
584,5/14/2018 18:00,34.4,30.3,30.8,51.03,46.23,49.08,27.5,21.8,24.4,5.82,8.27
585,5/15/2018 6:00,34.77,30.67,31.17,72.98,68.18,71.03,27.87,22.17,24.77,6.26,7.6
586,5/15/2018 7:00,35.68,31.58,32.08,66.88,62.08,64.93,28.78,23.08,25.68,6.71,8.42
587,5/15/2018 8:00,36.4,32.3,32.8,59.99,55.19,58.04,29.5,23.8,26.4,6.71,9.29
588,5/15/2018 9:00,36.9,32.8,33.3,47.84,43.04,45.89,30,24.3,26.9,6.71,9.98
589,5/15/2018 10:00,38.4,34.3,34.8,41.98,37.18,40.03,31.5,25.8,28.4,6.26,11.06
590,5/15/2018 11:00,39.68,35.58,36.08,37.5,32.7,35.55,32.78,27.08,29.68,7.16,12.69
591,5/15/2018 12:00,38.4,34.3,34.8,36.98,32.18,35.03,31.5,25.8,28.4,5.82,10.2
592,5/15/2018 13:00,39.88,35.78,36.28,25.73,20.93,23.78,32.98,27.28,29.88,7.6,13.38
593,5/15/2018 14:00,40.4,36.3,36.8,34.88,30.08,32.93,33.5,27.8,30.4,5.37,10.82
594,5/15/2018 15:00,40.9,36.8,37.3,39.8,35,37.85,34,28.3,30.9,6.71,11.78
595,5/15/2018 16:00,36.4,32.3,32.8,46.08,41.28,44.13,29.5,23.8,26.4,6.71,10.11
596,5/15/2018 17:00,35.68,31.58,32.08,61.5,56.7,59.55,28.78,23.08,25.68,5.37,8.03
597,5/15/2018 18:00,34.4,30.3,30.8,51.03,46.23,49.08,27.5,21.8,24.4,6.71,9.05
598,8/16/2018 6:00,31.87,26.87,29.17,77.98,73.78,75.93,25.87,19.47,21.57,7.6,5.87
599,8/16/2018 7:00,32.78,27.78,30.08,71.5,67.3,69.45,26.78,20.38,22.48,5.37,6.07
600,8/16/2018 8:00,33.5,28.5,30.8,64.99,60.79,62.94,27.5,21.1,23.2,4.03,6.3
601,8/16/2018 9:00,34,29,31.3,54.73,50.53,52.68,28,21.6,23.7,6.26,8.58
602,8/16/2018 10:00,35.5,30.5,32.8,46.98,42.78,44.93,29.5,23.1,25.2,6.26,9.48
603,8/16/2018 11:00,36.78,31.78,34.08,42.5,38.3,40.45,30.78,24.38,26.48,6.26,10.06
604,8/16/2018 12:00,35.5,30.5,32.8,41.98,37.78,39.93,29.5,23.1,25.2,6.71,9.8
605,8/16/2018 13:00,36.98,31.98,34.28,16.5,12.3,14.45,30.98,24.58,26.68,6.71,11.57
606,8/16/2018 14:00,37.5,32.5,34.8,39.88,35.68,37.83,31.5,25.1,27.2,8.05,12.45
607,8/16/2018 15:00,38,33,35.3,45.5,41.3,43.45,32,25.6,27.7,5.82,9.6
608,8/16/2018 16:00,33.5,28.5,30.8,51.08,46.88,49.03,27.5,21.1,23.2,7.16,9.07
609,8/16/2018 17:00,32.78,27.78,30.08,66.5,62.3,64.45,26.78,20.38,22.48,7.6,7.31
610,8/16/2018 18:00,31.5,26.5,28.8,56.03,51.83,53.98,25.5,19.1,21.2,6.26,7.25
611,8/17/2018 6:00,31.87,26.87,29.17,77.98,73.78,75.93,25.87,19.47,21.57,6.71,5.59
612,8/17/2018 7:00,32.78,27.78,30.08,71.5,67.3,69.45,26.78,20.38,22.48,6.71,6.5
613,8/17/2018 8:00,33.5,28.5,30.8,64.99,60.79,62.94,27.5,21.1,23.2,7.16,8
614,8/17/2018 9:00,34,29,31.3,55.86,51.66,53.81,28,21.6,23.7,6.26,8.51
615,8/17/2018 10:00,35.5,30.5,32.8,46.98,42.78,44.93,29.5,23.1,25.2,6.71,9.48
616,8/17/2018 11:00,36.78,31.78,34.08,42.5,38.3,40.45,30.78,24.38,26.48,6.26,10.06
617,8/17/2018 12:00,35.5,30.5,32.8,41.98,37.78,39.93,29.5,23.1,25.2,5.82,8.9
618,8/17/2018 13:00,36.98,31.98,34.28,16.5,12.3,14.45,30.98,24.58,26.68,5.82,10.37
619,8/17/2018 14:00,37.5,32.5,34.8,39.88,35.68,37.83,31.5,25.1,27.2,6.71,10.62
620,8/17/2018 15:00,38,33,35.3,44.86,40.66,42.81,32,25.6,27.7,5.37,9.65
621,8/17/2018 16:00,33.5,28.5,30.8,51.08,46.88,49.03,27.5,21.1,23.2,6.26,8.42
622,8/17/2018 17:00,32.78,27.78,30.08,66.5,62.3,64.45,26.78,20.38,22.48,6.26,6.87
623,8/17/2018 18:00,31.5,26.5,28.8,56.03,51.83,53.98,25.5,19.1,21.2,6.26,7.25
624,8/18/2018 6:00,31.87,26.87,29.17,77.98,73.78,75.93,25.87,19.47,21.57,5.82,5.28
625,8/18/2018 7:00,32.78,27.78,30.08,71.84,67.64,69.79,26.78,20.38,22.48,5.37,6.07
626,8/18/2018 8:00,33.5,28.5,30.8,64.99,60.79,62.94,27.5,21.1,23.2,6.26,7.48
627,8/18/2018 9:00,34,29,31.3,55.5,51.3,53.45,28,21.6,23.7,5.82,7.8
628,8/18/2018 10:00,35.5,30.5,32.8,46.98,42.78,44.93,29.5,23.1,25.2,4.48,7.7
629,8/18/2018 11:00,36.78,31.78,34.08,42.5,38.3,40.45,30.78,24.38,26.48,6.26,10.06
630,8/18/2018 12:00,35.5,30.5,32.8,41.98,37.78,39.93,29.5,23.1,25.2,3.58,6.85
631,8/18/2018 13:00,36.98,31.98,34.28,16.5,12.3,14.45,30.98,24.58,26.68,5.37,10.37
632,8/18/2018 14:00,37.5,32.5,34.8,39.88,35.68,37.83,31.5,25.1,27.2,5.37,9.59
633,8/18/2018 15:00,38,33,35.3,45.5,41.3,43.45,32,25.6,27.7,5.37,9.6
634,8/18/2018 16:00,33.5,28.5,30.8,51.08,46.88,49.03,27.5,21.1,23.2,4.48,6.96
635,8/18/2018 17:00,32.78,27.78,30.08,66.5,62.3,64.45,26.78,20.38,22.48,4.03,5.85
636,8/18/2018 18:00,31.5,26.5,28.8,56.03,51.83,53.98,25.5,19.1,21.2,4.48,6.12
637,8/19/2018 6:00,31.87,26.87,29.17,77.98,73.78,75.93,25.87,19.47,21.57,4.48,4.94
638,8/19/2018 7:00,32.78,27.78,30.08,71.5,67.3,69.45,26.78,20.38,22.48,5.82,6.07
639,8/19/2018 8:00,33.5,28.5,30.8,64.99,60.79,62.94,27.5,21.1,23.2,6.26,7.48
640,8/19/2018 9:00,34,29,31.3,55.5,51.3,53.45,28,21.6,23.7,6.71,8.51
641,8/19/2018 10:00,35.5,30.5,32.8,46.98,42.78,44.93,29.5,23.1,25.2,5.37,8.63
642,8/19/2018 11:00,36.78,31.78,34.08,42.5,38.3,40.45,30.78,24.38,26.48,6.26,10.06
643,8/19/2018 12:00,35.5,30.5,32.8,41.98,37.78,39.93,29.5,23.1,25.2,4.48,7.92
644,8/19/2018 13:00,36.98,31.98,34.28,16.5,12.3,14.45,30.98,24.58,26.68,5.82,10.37
645,8/19/2018 14:00,37.5,32.5,34.8,39.88,35.68,37.83,31.5,25.1,27.2,4.48,8.48
646,8/19/2018 15:00,38,33,35.3,45.5,41.3,43.45,32,25.6,27.7,4.48,8.5
647,8/19/2018 16:00,33.5,28.5,30.8,51.08,46.88,49.03,27.5,21.1,23.2,4.48,6.96
648,8/19/2018 17:00,32.78,27.78,30.08,66.5,62.3,64.45,26.78,20.38,22.48,5.82,6.38
649,8/19/2018 18:00,31.5,26.5,28.8,56.03,51.83,53.98,25.5,19.1,21.2,4.48,6.12
650,8/20/2018 6:00,31.87,26.87,29.17,77.98,73.78,75.93,25.87,19.47,21.57,4.48,4.94
651,8/20/2018 7:00,32.78,27.78,30.08,71.5,67.3,69.45,26.78,20.38,22.48,3.58,5.07
652,8/20/2018 8:00,33.5,28.5,30.8,64.99,60.79,62.94,27.5,21.1,23.2,4.48,6.3
653,8/20/2018 9:00,34,29,31.3,55.5,51.3,53.45,28,21.6,23.7,4.48,7.03
654,8/20/2018 10:00,35.5,30.5,32.8,46.98,42.78,44.93,29.5,23.1,25.2,5.37,8.63
655,8/20/2018 11:00,36.78,31.78,34.08,42.5,38.3,40.45,30.78,24.38,26.48,4.48,8.09
656,8/20/2018 12:00,35.5,30.5,32.8,41.98,37.78,39.93,29.5,23.1,25.2,4.48,7.92
657,8/20/2018 13:00,36.98,31.98,34.28,41.95,37.75,39.9,30.98,24.58,26.68,5.37,9.16
658,8/20/2018 14:00,37.5,32.5,34.8,39.88,35.68,37.83,31.5,25.1,27.2,5.37,9.59
659,8/20/2018 15:00,38,33,35.3,45.5,41.3,43.45,32,25.6,27.7,6.71,10.63
660,8/20/2018 16:00,33.5,28.5,30.8,51.08,46.88,49.03,27.5,21.1,23.2,5.82,7.72
661,8/20/2018 17:00,32.78,27.78,30.08,66.5,62.3,64.45,26.78,20.38,22.48,5.37,6.38
662,8/20/2018 18:00,31.5,26.5,28.8,56.03,51.83,53.98,25.5,19.1,21.2,5.37,6.71
663,8/21/2018 6:00,31.87,26.87,29.17,59.5,55.3,57.45,25.87,19.47,21.57,5.37,6.45
664,8/21/2018 7:00,32.78,27.78,30.08,57.5,53.3,55.45,26.78,20.38,22.48,5.37,6.94
665,8/21/2018 8:00,33.5,28.5,30.8,56.73,52.53,54.68,27.5,21.1,23.2,4.48,6.69
666,8/21/2018 9:00,34,29,31.3,55.5,51.3,53.45,28,21.6,23.7,4.03,7.03
667,8/21/2018 10:00,35.5,30.5,32.8,46.98,42.78,44.93,29.5,23.1,25.2,4.48,7.7
668,8/21/2018 11:00,36.78,31.78,34.08,42.5,38.3,40.45,30.78,24.38,26.48,6.26,10.06
669,8/21/2018 12:00,35.5,30.5,32.8,41.98,37.78,39.93,29.5,23.1,25.2,4.48,7.92
670,8/21/2018 13:00,36.98,31.98,34.28,16.5,12.3,14.45,30.98,24.58,26.68,4.48,9.08
671,8/21/2018 14:00,37.5,32.5,34.8,39.88,35.68,37.83,31.5,25.1,27.2,5.37,9.59
672,8/21/2018 15:00,38,33,35.3,45.5,41.3,43.45,32,25.6,27.7,5.37,9.6
673,8/21/2018 16:00,33.5,28.5,30.8,51.08,46.88,49.03,27.5,21.1,23.2,5.82,7.72
674,8/21/2018 17:00,32.78,27.78,30.08,54.5,50.3,52.45,26.78,20.38,22.48,5.37,7.13
675,8/21/2018 18:00,31.5,26.5,28.8,56.03,51.83,53.98,25.5,19.1,21.2,4.48,6.12
676,8/22/2018 6:00,31.87,26.87,29.17,61.6,57.4,59.55,25.87,19.47,21.57,5.37,6.32
677,8/22/2018 7:00,32.78,27.78,30.08,59.5,55.3,57.45,26.78,20.38,22.48,5.82,6.82
678,8/22/2018 8:00,33.5,28.5,30.8,57.73,53.53,55.68,27.5,21.1,23.2,4.48,6.64
679,8/22/2018 9:00,34,29,31.3,55.5,51.3,53.45,28,21.6,23.7,5.37,7.8
680,8/22/2018 10:00,35.5,30.5,32.8,46.98,42.78,44.93,29.5,23.1,25.2,5.82,8.63
681,8/22/2018 11:00,36.78,31.78,34.08,42.5,38.3,40.45,30.78,24.38,26.48,5.37,9.11
682,8/22/2018 12:00,35.5,30.5,32.8,41.98,37.78,39.93,29.5,23.1,25.2,4.03,7.92
683,8/22/2018 13:00,36.98,31.98,34.28,16.5,12.3,14.45,30.98,24.58,26.68,5.37,10.37
684,8/22/2018 14:00,37.5,32.5,34.8,39.88,35.68,37.83,31.5,25.1,27.2,4.03,8.48
685,8/22/2018 15:00,38,33,35.3,45.5,41.3,43.45,32,25.6,27.7,4.48,8.5
686,8/22/2018 16:00,33.5,28.5,30.8,51.08,46.88,49.03,27.5,21.1,23.2,5.37,7.72
687,8/22/2018 17:00,32.78,27.78,30.08,52.5,48.3,50.45,26.78,20.38,22.48,5.82,7.25
688,8/22/2018 18:00,31.5,26.5,28.8,56.03,51.83,53.98,25.5,19.1,21.2,4.48,6.12
689,8/24/2018 6:00,31.87,26.87,29.17,61.5,57.3,59.45,25.87,19.47,21.57,4.03,5.79
690,8/24/2018 7:00,32.78,27.78,30.08,60.84,56.64,58.79,26.78,20.38,22.48,4.48,6.15
691,8/24/2018 8:00,33.5,28.5,30.8,59.7,55.5,57.65,27.5,21.1,23.2,4.48,6.55
692,8/24/2018 9:00,34,29,31.3,54.5,50.3,52.45,28,21.6,23.7,5.37,7.86
693,8/24/2018 10:00,35.5,30.5,32.8,46.98,42.78,44.93,29.5,23.1,25.2,4.48,7.7
694,8/24/2018 11:00,36.78,31.78,34.08,42.5,38.3,40.45,30.78,24.38,26.48,4.48,8.09
695,8/24/2018 12:00,35.5,30.5,32.8,41.98,37.78,39.93,29.5,23.1,25.2,4.48,7.92
696,8/24/2018 13:00,36.98,31.98,34.28,16.5,12.3,14.45,30.98,24.58,26.68,4.03,9.08
697,8/24/2018 14:00,37.5,32.5,34.8,39.88,35.68,37.83,31.5,25.1,27.2,4.48,8.48
698,8/24/2018 15:00,38,33,35.3,45.5,41.3,43.45,32,25.6,27.7,5.82,9.6
699,8/24/2018 16:00,33.5,28.5,30.8,51.08,46.88,49.03,27.5,21.1,23.2,4.48,6.96
700,8/24/2018 17:00,32.78,27.78,30.08,53.5,49.3,51.45,26.78,20.38,22.48,5.37,7.19
701,8/24/2018 18:00,31.5,26.5,28.8,55.5,51.3,53.45,25.5,19.1,21.2,5.82,6.74
702,8/25/2018 6:00,31.87,26.87,29.17,59.5,55.3,57.45,25.87,19.47,21.57,5.82,6.45
703,8/25/2018 7:00,32.78,27.78,30.08,59.17,54.97,57.12,26.78,20.38,22.48,5.82,6.85
704,8/25/2018 8:00,33.5,28.5,30.8,55.5,51.3,53.45,27.5,21.1,23.2,4.03,6.74
705,8/25/2018 9:00,34,29,31.3,55.5,51.3,53.45,28,21.6,23.7,5.82,7.8
706,8/25/2018 10:00,35.5,30.5,32.8,46.98,42.78,44.93,29.5,23.1,25.2,4.48,7.7
707,8/25/2018 11:00,36.78,31.78,34.08,42.5,38.3,40.45,30.78,24.38,26.48,5.82,9.11
708,8/25/2018 12:00,35.5,30.5,32.8,41.98,37.78,39.93,29.5,23.1,25.2,5.82,8.9
709,8/25/2018 13:00,36.98,31.98,34.28,16.5,12.3,14.45,30.98,24.58,26.68,5.82,10.37
710,8/25/2018 14:00,37.5,32.5,34.8,39.88,35.68,37.83,31.5,25.1,27.2,4.48,8.48
711,8/25/2018 15:00,38,33,35.3,45.5,41.3,43.45,32,25.6,27.7,4.48,8.5
712,8/25/2018 16:00,33.5,28.5,30.8,51.08,46.88,49.03,27.5,21.1,23.2,4.03,6.96
713,8/25/2018 17:00,32.78,27.78,30.08,55.5,51.3,53.45,26.78,20.38,22.48,5.37,7.06
714,8/25/2018 18:00,31.5,26.5,28.8,55.8,51.6,53.75,25.5,19.1,21.2,6.26,7.28
715,8/26/2018 6:00,32.78,27.78,30.08,64.5,60.3,62.45,26.78,20.38,22.48,5.37,6.51
716,8/26/2018 7:00,33.5,28.5,30.8,64.99,60.79,62.94,27.5,21.1,23.2,6.26,7.48
717,8/26/2018 8:00,34,29,31.3,55.5,51.3,53.45,28,21.6,23.7,5.82,7.8
718,8/26/2018 9:00,35.5,30.5,32.8,46.98,42.78,44.93,29.5,23.1,25.2,5.37,8.63
719,8/26/2018 10:00,36.78,31.78,34.08,42.5,38.3,40.45,30.78,24.38,26.48,5.82,9.11
720,8/26/2018 11:00,35.5,30.5,32.8,41.98,37.78,39.93,29.5,23.1,25.2,5.82,8.9
721,8/26/2018 12:00,36.98,31.98,34.28,16.5,12.3,14.45,30.98,24.58,26.68,5.37,10.37
722,8/26/2018 13:00,37.5,32.5,34.8,39.88,35.68,37.83,31.5,25.1,27.2,5.37,9.59
723,8/26/2018 14:00,38,33,35.3,45.5,41.3,43.45,32,25.6,27.7,6.71,10.63
724,8/26/2018 15:00,33.5,28.5,30.8,51.08,46.88,49.03,27.5,21.1,23.2,5.37,7.72
725,8/26/2018 16:00,32.78,27.78,30.08,54.5,50.3,52.45,26.78,20.38,22.48,4.48,6.46
726,8/26/2018 17:00,31.5,26.5,28.8,56.03,51.83,53.98,25.5,19.1,21.2,3.58,5.47
727,8/26/2018 18:00,31.28,26.28,28.58,59.5,55.3,57.45,25.28,18.88,20.98,5.37,6.48
728,8/27/2018 6:00,31.87,26.87,29.17,77.98,73.78,75.93,25.87,19.47,21.57,5.82,5.28
729,8/27/2018 7:00,32.78,27.78,30.08,71.5,67.3,69.45,26.78,20.38,22.48,5.37,6.07
730,8/27/2018 8:00,33.5,28.5,30.8,64.99,60.79,62.94,27.5,21.1,23.2,5.37,6.92
731,8/27/2018 9:00,34,29,31.3,55.5,51.3,53.45,28,21.6,23.7,5.82,7.8
732,8/27/2018 10:00,35.5,30.5,32.8,46.98,42.78,44.93,29.5,23.1,25.2,6.71,9.48
733,8/27/2018 11:00,36.78,31.78,34.08,42.5,38.3,40.45,30.78,24.38,26.48,5.82,9.11
734,8/27/2018 12:00,35.5,30.5,32.8,41.98,37.78,39.93,29.5,23.1,25.2,47.39,23.19
735,8/27/2018 13:00,36.98,31.98,34.28,16.5,12.3,14.45,30.98,24.58,26.68,4.48,9.08
736,8/27/2018 14:00,37.5,32.5,34.8,39.88,35.68,37.83,31.5,25.1,27.2,5.37,9.59
737,8/27/2018 15:00,38,33,35.3,45.5,41.3,43.45,32,25.6,27.7,6.26,10.63
738,8/27/2018 16:00,33.5,28.5,30.8,51.08,46.88,49.03,27.5,21.1,23.2,5.37,7.72
739,8/27/2018 17:00,32.78,27.78,30.08,55.5,51.3,53.45,26.78,20.38,22.48,6.26,7.66
740,8/27/2018 18:00,31.5,26.5,28.8,56.03,51.83,53.98,25.5,19.1,21.2,4.48,6.12
741,8/28/2018 6:00,31.87,26.87,29.17,77.98,73.78,75.93,25.87,19.47,21.57,5.37,5.28
742,8/28/2018 7:00,32.78,27.78,30.08,71.5,67.3,69.45,26.78,20.38,22.48,5.82,6.07
743,8/28/2018 8:00,33.5,28.5,30.8,64.99,60.79,62.94,27.5,21.1,23.2,5.82,6.92
744,8/28/2018 9:00,34,29,31.3,55.5,51.3,53.45,28,21.6,23.7,6.26,8.51
745,8/28/2018 10:00,35.5,30.5,32.8,46.98,42.78,44.93,29.5,23.1,25.2,6.71,9.48
746,8/28/2018 11:00,36.78,31.78,34.08,42.5,38.3,40.45,30.78,24.38,26.48,7.16,10.93
747,8/28/2018 12:00,35.5,30.5,32.8,41.98,37.78,39.93,29.5,23.1,25.2,6.71,9.8
748,8/28/2018 13:00,36.98,31.98,34.28,16.5,12.3,14.45,30.98,24.58,26.68,6.26,11.57
749,8/28/2018 14:00,37.5,32.5,34.8,39.88,35.68,37.83,31.5,25.1,27.2,6.26,10.62
750,8/28/2018 15:00,38,33,35.3,45.5,41.3,43.45,32,25.6,27.7,6.26,10.63
751,8/28/2018 16:00,33.5,28.5,30.8,51.08,46.88,49.03,27.5,21.1,23.2,5.37,7.72
752,8/28/2018 17:00,32.78,27.78,30.08,55.95,51.75,53.9,26.78,20.38,22.48,6.26,7.66
753,8/28/2018 18:00,31.5,26.5,28.8,56.03,51.83,53.98,25.5,19.1,21.2,6.26,7.25
754,8/29/2018 6:00,31.87,26.87,29.17,62.5,58.3,60.45,25.87,19.47,21.57,5.82,6.25
755,8/29/2018 7:00,32.78,27.78,30.08,60.5,56.3,58.45,26.78,20.38,22.48,5.82,6.75
756,8/29/2018 8:00,33.5,28.5,30.8,57.5,53.3,55.45,27.5,21.1,23.2,5.37,7.33
757,8/29/2018 9:00,34,29,31.3,55.5,51.3,53.45,28,21.6,23.7,5.82,7.8
758,8/29/2018 10:00,35.5,30.5,32.8,46.98,42.78,44.93,29.5,23.1,25.2,5.37,8.63
759,8/29/2018 11:00,36.78,31.78,34.08,42.5,38.3,40.45,30.78,24.38,26.48,5.82,9.11
760,8/29/2018 12:00,35.5,30.5,32.8,41.98,37.78,39.93,29.5,23.1,25.2,6.26,9.8
761,8/29/2018 13:00,36.98,31.98,34.28,16.5,12.3,14.45,30.98,24.58,26.68,42.03,28.77
762,8/29/2018 14:00,37.5,32.5,34.8,39.88,35.68,37.83,31.5,25.1,27.2,5.37,9.59
763,8/29/2018 15:00,38,33,35.3,45.5,41.3,43.45,32,25.6,27.7,6.71,10.63
764,8/29/2018 16:00,33.5,28.5,30.8,51.08,46.88,49.03,27.5,21.1,23.2,6.71,8.42
765,8/29/2018 17:00,32.78,27.78,30.08,55.5,51.3,53.45,26.78,20.38,22.48,6.71,7.66
766,8/29/2018 18:00,31.5,26.5,28.8,56.03,51.83,53.98,25.5,19.1,21.2,41.13,14.2
767,8/30/2018 6:00,31.87,26.87,29.17,77.98,73.78,75.93,25.87,19.47,21.57,6.71,5.59
768,8/30/2018 7:00,32.78,27.78,30.08,71.5,67.3,69.45,26.78,20.38,22.48,6.71,6.5
769,8/30/2018 8:00,33.5,28.5,30.8,64.99,60.79,62.94,27.5,21.1,23.2,6.26,7.48
770,8/30/2018 9:00,34,29,31.3,55.5,51.3,53.45,28,21.6,23.7,6.26,8.51
771,8/30/2018 10:00,35.5,30.5,32.8,46.98,42.78,44.93,29.5,23.1,25.2,6.26,9.48
772,8/30/2018 11:00,36.78,31.78,34.08,42.5,38.3,40.45,30.78,24.38,26.48,6.26,10.06
773,8/30/2018 12:00,35.5,30.5,32.8,41.98,37.78,39.93,29.5,23.1,25.2,6.26,9.8
774,8/30/2018 13:00,36.98,31.98,34.28,16.5,12.3,14.45,30.98,24.58,26.68,5.82,10.37
775,8/30/2018 14:00,37.5,32.5,34.8,39.88,35.68,37.83,31.5,25.1,27.2,6.26,10.62
776,8/30/2018 15:00,38,33,35.3,45.5,41.3,43.45,32,25.6,27.7,5.82,9.6
777,8/30/2018 16:00,33.5,28.5,30.8,51.08,46.88,49.03,27.5,21.1,23.2,6.26,8.42
778,8/30/2018 17:00,32.78,27.78,30.08,56.06,51.86,54.01,26.78,20.38,22.48,5.82,7.04
779,8/30/2018 18:00,31.5,26.5,28.8,56.03,51.83,53.98,25.5,19.1,21.2,6.26,7.25
780,9/3/2018 6:00,32.5,27.5,29.8,67.5,63.3,65.45,26.5,20.1,22.2,6.71,6.83
781,9/3/2018 7:00,34.8,29.8,32.1,71.5,67.3,69.45,28.8,22.4,24.5,6.71,7.4
782,9/3/2018 8:00,36.8,31.8,34.1,64.99,60.79,62.94,30.8,24.4,26.5,6.71,8.71
783,9/3/2018 9:00,39,34,36.3,55.5,51.3,53.45,33,26.6,28.7,6.71,10.44
784,9/3/2018 10:00,41.15,36.15,38.45,46.98,42.78,44.93,35.15,28.75,30.85,5.82,10.43
785,9/3/2018 11:00,43.3,38.3,40.6,42.5,38.3,40.45,37.3,30.9,33,5.37,11.12
786,9/3/2018 12:00,45.45,40.45,42.75,41.98,37.78,39.93,39.45,33.05,35.15,6.26,13.07
787,9/3/2018 13:00,42.5,37.5,39.8,16.5,12.3,14.45,36.5,30.1,32.2,6.71,13.24
788,9/3/2018 14:00,40.5,35.5,37.8,39.88,35.68,37.83,34.5,28.1,30.2,6.71,11.62
789,9/3/2018 15:00,38,33,35.3,45.5,41.3,43.45,32,25.6,27.7,5.82,9.6
790,9/3/2018 16:00,33.5,28.5,30.8,51.08,46.88,49.03,27.5,21.1,23.2,6.26,8.42
791,9/3/2018 17:00,32.78,27.78,30.08,55.06,50.86,53.01,26.78,20.38,22.48,7.16,8.26
792,9/3/2018 18:00,31.5,26.5,28.8,56.03,51.83,53.98,25.5,19.1,21.2,5.82,6.71
793,9/4/2018 6:00,33.2,28.2,30.5,65.06,60.86,63.01,27.2,20.8,22.9,6.26,7.45
794,9/4/2018 7:00,33.5,28.5,30.8,62.17,57.97,60.12,27.5,21.1,23.2,6.26,7.66
795,9/4/2018 8:00,35.5,30.5,32.8,64.99,60.79,62.94,29.5,23.1,25.2,6.26,8.33
796,9/4/2018 9:00,37.3,32.3,34.6,55.5,51.3,53.45,31.3,24.9,27,7.16,10.5
797,9/4/2018 10:00,38.5,33.5,35.8,46.98,42.78,44.93,32.5,26.1,28.2,6.26,10.57
798,9/4/2018 11:00,40.5,35.5,37.8,42.5,38.3,40.45,34.5,28.1,30.2,5.82,10.31
799,9/4/2018 12:00,42.5,37.5,39.8,41.98,37.78,39.93,36.5,30.1,32.2,5.82,10.89
800,9/4/2018 13:00,43.5,38.5,40.8,16.5,12.3,14.45,37.5,31.1,33.2,6.71,13.49
801,9/4/2018 14:00,44.5,39.5,41.8,39.88,35.68,37.83,38.5,32.1,34.2,6.71,12.86
802,9/4/2018 15:00,41.5,36.5,38.8,45.5,41.3,43.45,35.5,29.1,31.2,6.26,11.65
803,9/4/2018 16:00,40.5,35.5,37.8,51.08,46.88,49.03,34.5,28.1,30.2,6.26,11.04
804,9/4/2018 17:00,37.5,32.5,34.8,56.06,51.86,54.01,31.5,25.1,27.2,6.26,9.66
805,9/4/2018 18:00,33.5,28.5,30.8,56.03,51.83,53.98,27.5,21.1,23.2,6.26,8.08
806,9/5/2018 6:00,31.87,26.87,29.17,65.5,61.3,63.45,25.87,19.47,21.57,6.26,6.5
807,9/5/2018 7:00,32.78,27.78,30.08,66,61.8,63.95,26.78,20.38,22.48,6.71,6.91
808,9/5/2018 8:00,33.5,28.5,30.8,64.99,60.79,62.94,27.5,21.1,23.2,5.37,6.92
809,9/5/2018 9:00,34,29,31.3,55.5,51.3,53.45,28,21.6,23.7,7.16,9.16
810,9/5/2018 10:00,37.5,32.5,34.8,46.98,42.78,44.93,31.5,25.1,27.2,5.82,9.25
811,9/5/2018 11:00,39.2,34.2,36.5,42.5,38.3,40.45,33.2,26.8,28.9,6.71,11.13
812,9/5/2018 12:00,42.5,37.5,39.8,41.98,37.78,39.93,36.5,30.1,32.2,7.16,13.35
813,9/5/2018 13:00,43.5,38.5,40.8,41.98,37.78,39.93,37.5,31.1,33.2,6.26,12.47
814,9/5/2018 14:00,45.5,40.5,42.8,16.5,12.3,14.45,39.5,33.1,35.2,6.71,13.98
815,9/5/2018 15:00,41.5,36.5,38.8,39.88,35.68,37.83,35.5,29.1,31.2,5.37,10.7
816,9/5/2018 16:00,39.5,34.5,36.8,45.06,40.86,43.01,33.5,27.1,29.2,6.71,11
817,9/5/2018 17:00,32.78,27.78,30.08,51.08,46.88,49.03,26.78,20.38,22.48,6.26,7.99
818,9/5/2018 18:00,31.5,26.5,28.8,56.06,51.86,54.01,25.5,19.1,21.2,6.26,7.25
819,9/6/2018 6:00,31.87,26.87,29.17,64.99,60.79,62.94,25.87,19.47,21.57,6.26,6.57
820,9/6/2018 7:00,32.78,27.78,30.08,55.5,51.3,53.45,26.78,20.38,22.48,6.71,7.66
821,9/6/2018 8:00,33.5,28.5,30.8,46.98,42.78,44.93,27.5,21.1,23.2,6.71,8.73
822,9/6/2018 9:00,34,29,31.3,42.5,38.3,40.45,28,21.6,23.7,6.26,9.37
823,9/6/2018 10:00,38.5,33.5,35.8,41.98,37.78,39.93,32.5,26.1,28.2,6.26,10.85
824,9/6/2018 11:00,40.5,35.5,37.8,41.98,37.78,39.93,34.5,28.1,30.2,5.82,10.35
825,9/6/2018 12:00,42.4,37.4,39.7,16.5,12.3,14.45,36.4,30,32.1,6.71,13.24
826,9/6/2018 13:00,45,40,42.3,39.88,35.68,37.83,39,32.6,34.7,6.71,13.15
827,9/6/2018 14:00,41.5,36.5,38.8,45.06,40.86,43.01,35.5,29.1,31.2,6.71,11.68
828,9/6/2018 15:00,39.5,34.5,36.8,51.08,46.88,49.03,33.5,27.1,29.2,6.26,10.68
829,9/6/2018 16:00,36.5,31.5,33.8,56.06,51.86,54.01,30.5,24.1,26.2,6.71,9.28
830,9/6/2018 17:00,32.78,27.78,30.08,55.06,50.86,53.01,26.78,20.38,22.48,6.26,7.71
831,9/6/2018 18:00,31.5,26.5,28.8,59.5,55.3,57.45,25.5,19.1,21.2,6.26,6.98
832,9/7/2018 6:00,31.87,26.87,29.17,64.99,60.79,62.94,25.87,19.47,21.57,6.26,6.57
833,9/7/2018 7:00,32.78,27.78,30.08,55.5,51.3,53.45,26.78,20.38,22.48,6.26,7.66
834,9/7/2018 8:00,33.5,28.5,30.8,46.98,42.78,44.93,27.5,21.1,23.2,6.26,8.73
835,9/7/2018 9:00,34,29,31.3,42.5,38.3,40.45,28,21.6,23.7,7.16,10.14
836,9/7/2018 10:00,38.5,33.5,35.8,41.98,37.78,39.93,32.5,26.1,28.2,6.71,10.85
837,9/7/2018 11:00,40.5,35.5,37.8,41.98,37.78,39.93,34.5,28.1,30.2,6.71,11.52
838,9/7/2018 12:00,42.4,37.4,39.7,16.5,12.3,14.45,36.4,30,32.1,6.26,13.24
839,9/7/2018 13:00,45,40,42.3,39.88,35.68,37.83,39,32.6,34.7,7.6,14.51
840,9/7/2018 14:00,41.5,36.5,38.8,45.06,40.86,43.01,35.5,29.1,31.2,6.71,11.68
841,9/7/2018 15:00,39.5,34.5,36.8,51.08,46.88,49.03,33.5,27.1,29.2,6.71,10.68
842,9/7/2018 16:00,36.5,31.5,33.8,56.06,51.86,54.01,30.5,24.1,26.2,8.05,10.73
843,9/7/2018 17:00,32.78,27.78,30.08,55.06,50.86,53.01,26.78,20.38,22.48,6.26,7.71
844,9/7/2018 18:00,31.5,26.5,28.8,59.5,55.3,57.45,25.5,19.1,21.2,6.71,6.98
845,9/8/2018 6:00,31.87,26.87,29.17,64.99,60.79,62.94,25.87,19.47,21.57,5.82,6.12
846,9/8/2018 7:00,32.78,27.78,30.08,55.5,51.3,53.45,26.78,20.38,22.48,5.82,7.06
847,9/8/2018 8:00,33.5,28.5,30.8,46.98,42.78,44.93,27.5,21.1,23.2,6.26,8.73
848,9/8/2018 9:00,34,29,31.3,42.5,38.3,40.45,28,21.6,23.7,6.26,9.37
849,9/8/2018 10:00,38.5,33.5,35.8,41.98,37.78,39.93,32.5,26.1,28.2,6.26,10.85
850,9/8/2018 11:00,40.5,35.5,37.8,41.98,37.78,39.93,34.5,28.1,30.2,6.71,11.52
851,9/8/2018 12:00,42.4,37.4,39.7,16.5,12.3,14.45,36.4,30,32.1,6.26,13.24
852,9/8/2018 13:00,45,40,42.3,39.88,35.68,37.83,39,32.6,34.7,6.71,13.15
853,9/8/2018 14:00,41.5,36.5,38.8,45.06,40.86,43.01,35.5,29.1,31.2,8.05,13.83
854,9/8/2018 15:00,39.5,34.5,36.8,51.08,46.88,49.03,33.5,27.1,29.2,7.16,11.64
855,9/8/2018 16:00,36.5,31.5,33.8,56.06,51.86,54.01,30.5,24.1,26.2,6.71,9.28
856,9/8/2018 17:00,32.78,27.78,30.08,55.06,50.86,53.01,26.78,20.38,22.48,6.26,7.71
857,9/8/2018 18:00,31.5,26.5,28.8,59.5,55.3,57.45,25.5,19.1,21.2,6.26,6.98
858,9/9/2018 6:00,31.87,26.87,29.17,64.99,60.79,62.94,25.87,19.47,21.57,6.26,6.57
859,9/9/2018 7:00,32.78,27.78,30.08,55.5,51.3,53.45,26.78,20.38,22.48,7.6,8.21
860,9/9/2018 8:00,33.5,28.5,30.8,46.98,42.78,44.93,27.5,21.1,23.2,6.71,8.73
861,9/9/2018 9:00,34,29,31.3,42.5,38.3,40.45,28,21.6,23.7,6.26,9.37
862,9/9/2018 10:00,38.5,33.5,35.8,41.98,37.78,39.93,32.5,26.1,28.2,6.26,10.85
863,9/9/2018 11:00,40.5,35.5,37.8,41.98,37.78,39.93,34.5,28.1,30.2,6.26,11.52
864,9/9/2018 12:00,42.4,37.4,39.7,16.5,12.3,14.45,36.4,30,32.1,6.26,13.24
865,9/9/2018 13:00,45,40,42.3,39.88,35.68,37.83,39,32.6,34.7,8.05,15.78
866,9/9/2018 14:00,41.5,36.5,38.8,45.06,40.86,43.01,35.5,29.1,31.2,9.39,14.81
867,9/9/2018 15:00,39.5,34.5,36.8,51.08,46.88,49.03,33.5,27.1,29.2,11.63,14.9
868,9/9/2018 16:00,36.5,31.5,33.8,56.06,51.86,54.01,30.5,24.1,26.2,7.16,10.03
869,9/9/2018 17:00,32.78,27.78,30.08,55.06,50.86,53.01,26.78,20.38,22.48,6.71,7.71
870,9/9/2018 18:00,31.5,26.5,28.8,59.5,55.3,57.45,25.5,19.1,21.2,6.26,6.98
871,9/10/2018 6:00,31.87,26.87,29.17,64.99,60.79,62.94,25.87,19.47,21.57,7.6,6.98
872,9/10/2018 7:00,32.78,27.78,30.08,55.5,51.3,53.45,26.78,20.38,22.48,7.6,8.21
873,9/10/2018 8:00,33.5,28.5,30.8,46.98,42.78,44.93,27.5,21.1,23.2,6.26,8.73
874,9/10/2018 9:00,34,29,31.3,42.5,38.3,40.45,28,21.6,23.7,7.16,10.14
875,9/10/2018 10:00,38.5,33.5,35.8,41.98,37.78,39.93,32.5,26.1,28.2,7.16,11.83
876,9/10/2018 11:00,40.5,35.5,37.8,41.98,37.78,39.93,34.5,28.1,30.2,7.6,12.6
877,9/10/2018 12:00,42.4,37.4,39.7,16.5,12.3,14.45,36.4,30,32.1,9.39,17.13
878,9/10/2018 13:00,45,40,42.3,39.88,35.68,37.83,39,32.6,34.7,8.95,15.78
879,9/10/2018 14:00,41.5,36.5,38.8,45.06,40.86,43.01,35.5,29.1,31.2,7.6,12.79
880,9/10/2018 15:00,39.5,34.5,36.8,51.08,46.88,49.03,33.5,27.1,29.2,8.05,12.54
881,9/10/2018 16:00,36.5,31.5,33.8,56.06,51.86,54.01,30.5,24.1,26.2,8.05,10.73
882,9/10/2018 17:00,32.78,27.78,30.08,55.06,50.86,53.01,26.78,20.38,22.48,7.16,8.26
883,9/10/2018 18:00,31.5,26.5,28.8,59.5,55.3,57.45,25.5,19.1,21.2,7.16,7.44
