id,datetime,max_temp,min_temp,avg_temp,rh_max,rh_min,rh_avg,L,et0
1,1/1/2018 6:00,18.8,13.8,16.8,68,63.5,65.85,0,0.38
2,1/1/2018 7:00,20.8,15.8,18.8,56,51.5,53.85,100,2.41
3,1/1/2018 8:00,21.2,16.2,19.2,54,49.5,51.85,160,3
4,1/1/2018 9:00,21.8,16.8,19.8,45.4,40.9,43.25,190,3.83
5,1/1/2018 10:00,23.8,18.8,21.8,42,37.5,39.85,395,4.82
6,1/1/2018 11:00,24.4,19.4,22.4,44.3,39.8,42.15,482,5.01
7,1/1/2018 12:00,24.2,19.2,22.2,50.3,45.8,48.15,624,4.51
8,1/1/2018 13:00,24.4,19.4,22.4,58.3,53.8,56.15,735,3.84
9,1/1/2018 14:00,22.8,17.8,20.8,63.3,58.8,61.15,756,2.59
10,1/1/2018 15:00,23.2,18.2,21.2,65.5,61,63.35,538,2.78
11,1/1/2018 16:00,20.8,15.8,18.8,69,64.5,66.85,498,1.16
12,1/1/2018 17:00,20.2,15.2,18.2,69,64.5,66.85,367,1.16
13,1/1/2018 18:00,20.1,15.1,18.1,70.3,65.8,68.15,293,1.07
14,1/2/2018 6:00,17.8,12.8,15.8,68,63.5,65.85,0,-0.06
15,1/2/2018 7:00,18,13,16,56,51.5,53.85,100,1.6
16,1/2/2018 8:00,17.8,12.8,15.8,54,49.5,51.85,160,1.41
17,1/2/2018 9:00,19.2,14.2,17.2,45,40.5,42.85,190,3.09
18,1/2/2018 10:00,18.5,13.5,16.5,42.2,37.7,40.05,395,3.02
19,1/2/2018 11:00,19.3,14.3,17.3,44,39.5,41.85,482,3.18
20,1/2/2018 12:00,19.8,14.8,17.8,51,46.5,48.85,624,2.5
21,1/2/2018 13:00,23.6,18.6,21.6,59,54.5,56.85,735,3.35
22,1/2/2018 14:00,23.8,18.8,21.8,63.3,58.8,61.15,756,3.01
23,1/2/2018 15:00,22.9,17.9,20.9,66,61.5,63.85,538,2.32
24,1/2/2018 16:00,21.4,16.4,19.4,69,64.5,66.85,498,1.61
25,1/2/2018 17:00,20.6,15.6,18.6,69.2,64.7,67.05,367,1.16
26,1/2/2018 18:00,20.7,15.7,18.7,71,66.5,68.85,293,0.97
27,1/3/2018 6:00,18.8,13.8,16.8,69.2,64.7,67.05,100,0.28
28,1/3/2018 7:00,21.5,16.5,19.5,56,51.5,53.85,100,2.81
29,1/3/2018 8:00,21.2,16.2,19.2,54,49.5,51.85,160,3
30,1/3/2018 9:00,21.8,16.8,19.8,46.1,41.6,43.95,190,3.73
31,1/3/2018 10:00,23.8,18.8,21.8,42,37.5,39.85,395,4.82
32,1/3/2018 11:00,24.4,19.4,22.4,44,39.5,41.85,482,5.01
33,1/3/2018 12:00,24.2,19.2,22.2,51,46.5,48.85,624,4.43
34,1/3/2018 13:00,24.4,19.4,22.4,59,54.5,56.85,735,3.76
35,1/3/2018 14:00,22.8,17.8,20.8,62.4,57.9,60.25,756,2.68
36,1/3/2018 15:00,23.2,18.2,21.2,66,61.5,63.85,538,2.75
37,1/3/2018 16:00,20.8,15.8,18.8,69,64.5,66.85,498,1.16
38,1/3/2018 17:00,20.2,15.2,18.2,69,64.5,66.85,367,1.16
39,1/4/2018 6:00,18.8,13.8,16.8,68,63.5,65.85,0,0.38
40,1/4/2018 7:00,20.8,15.8,18.8,56,51.5,53.85,100,2.41
41,1/4/2018 8:00,21.2,16.2,19.2,53.3,48.8,51.15,160,3.09
42,1/4/2018 9:00,21.8,16.8,19.8,45,40.5,42.85,190,3.83
43,1/4/2018 10:00,23.8,18.8,21.8,42,37.5,39.85,395,4.82
44,1/4/2018 11:00,24.4,19.4,22.4,44,39.5,41.85,482,5.01
45,1/4/2018 12:00,24,19,22,50.3,45.8,48.15,624,4.51
46,1/4/2018 13:00,24.4,19.4,22.4,59,54.5,56.85,735,3.76
47,1/4/2018 14:00,22.8,17.8,20.8,63,58.5,60.85,756,2.59
48,1/4/2018 15:00,23.2,18.2,21.2,66,61.5,63.85,538,2.75
49,1/4/2018 16:00,20.8,15.8,18.8,68.3,63.8,66.15,498,1.26
50,1/4/2018 17:00,20.2,15.2,18.2,69,64.5,66.85,367,1.16
51,1/4/2018 18:00,20.1,15.1,18.1,71,66.5,68.85,293,0.97
52,1/5/2018 6:00,19.8,14.8,17.8,68,63.5,65.85,0,0.82
53,1/5/2018 7:00,20.3,15.3,18.3,64.4,59.9,62.25,100,1.64
54,1/5/2018 8:00,20.7,15.7,18.7,54,49.5,51.85,160,2.6
55,1/5/2018 9:00,21.8,16.8,19.8,44.3,39.8,42.15,190,3.92
56,1/5/2018 10:00,23.8,18.8,21.8,42,37.5,39.85,395,4.82
57,1/5/2018 11:00,24.1,19.1,22.1,44,39.5,41.85,482,5.01
58,1/5/2018 12:00,24.8,19.8,22.8,51,46.5,48.85,624,4.43
59,1/5/2018 13:00,23.8,18.8,21.8,59,54.5,56.85,735,3.35
60,1/5/2018 14:00,23.3,18.3,21.3,62.3,57.8,60.15,756,3.09
61,1/5/2018 15:00,24.8,19.8,22.8,66,61.5,63.85,538,3.17
62,1/5/2018 16:00,23.1,18.1,21.1,69,64.5,66.85,498,2.48
63,1/5/2018 17:00,21.8,16.8,19.8,68.3,63.8,66.15,367,1.7
64,1/6/2018 6:00,18.8,13.8,16.8,69,64.5,66.85,0,0.28
65,1/6/2018 7:00,20.8,15.8,18.8,56,51.5,53.85,100,2.41
66,1/6/2018 8:00,21.5,16.5,19.5,53.3,48.8,51.15,160,3.09
67,1/6/2018 9:00,21.8,16.8,19.8,45,40.5,42.85,190,3.83
68,1/6/2018 10:00,23.8,18.8,21.8,42,37.5,39.85,395,4.82
69,1/6/2018 11:00,24.4,19.4,22.4,44,39.5,41.85,482,5.01
70,1/6/2018 12:00,24.3,19.3,22.3,50.3,45.8,48.15,624,4.51
71,1/6/2018 13:00,24.4,19.4,22.4,59,54.5,56.85,735,3.76
72,1/6/2018 14:00,22.8,17.8,20.8,63,58.5,60.85,756,2.59
73,1/6/2018 15:00,23.2,18.2,21.2,66,61.5,63.85,538,2.75
74,1/6/2018 16:00,20.8,15.8,18.8,69,64.5,66.85,498,1.16
75,1/6/2018 17:00,20.2,15.2,18.2,68.3,63.8,66.15,367,1.26
76,1/6/2018 18:00,20.1,15.1,18.1,71,66.5,68.85,293,0.97
77,1/7/2018 6:00,19.1,14.1,17.1,68,63.5,65.85,0,0.82
78,1/7/2018 7:00,20.8,15.8,18.8,57.2,52.7,55.05,100,2.31
79,1/7/2018 8:00,21.2,16.2,19.2,54,49.5,51.85,160,3
80,1/7/2018 9:00,21.8,16.8,19.8,45,40.5,42.85,190,3.83
81,1/7/2018 10:00,23.7,18.7,21.7,42,37.5,39.85,395,4.82
82,1/7/2018 11:00,24.4,19.4,22.4,44.2,39.7,42.05,482,5.01
83,1/7/2018 12:00,24.1,19.1,22.1,51,46.5,48.85,624,4.43
84,1/7/2018 13:00,23.7,18.7,21.7,59,54.5,56.85,735,3.35
85,1/7/2018 14:00,22.8,17.8,20.8,63.3,58.8,61.15,756,2.59
86,1/7/2018 15:00,23.2,18.2,21.2,66,61.5,63.85,538,2.75
87,1/7/2018 16:00,21.6,16.6,19.6,69,64.5,66.85,498,1.61
88,1/7/2018 17:00,20.2,15.2,18.2,68.3,63.8,66.15,367,1.26
89,1/7/2018 18:00,20.1,15.1,18.1,71,66.5,68.85,293,0.97
90,1/8/2018 6:00,19.3,14.3,17.3,70,65.5,67.85,0,0.62
91,1/8/2018 7:00,20.8,15.8,18.8,58,53.5,55.85,100,2.22
92,1/8/2018 8:00,21.2,16.2,19.2,53,48.5,50.85,160,3.09
93,1/8/2018 9:00,21.8,16.8,19.8,45,40.5,42.85,190,3.83
94,1/8/2018 10:00,24,19,22,42,37.5,39.85,395,5.17
95,1/8/2018 11:00,24.4,19.4,22.4,44,39.5,41.85,482,5.01
96,1/8/2018 12:00,24.5,19.5,22.5,50.3,45.8,48.15,624,4.51
97,1/8/2018 13:00,24.4,19.4,22.4,59,54.5,56.85,735,3.76
98,1/8/2018 14:00,22.8,17.8,20.8,62.4,57.9,60.25,756,2.68
99,1/8/2018 15:00,23.2,18.2,21.2,66,61.5,63.85,538,2.75
100,1/8/2018 16:00,20.8,15.8,18.8,69,64.5,66.85,498,1.16
101,1/8/2018 17:00,20.2,15.2,18.2,69,64.5,66.85,367,1.16
102,1/8/2018 18:00,20.1,15.1,18.1,71.4,66.9,69.25,293,0.97
103,1/9/2018 6:00,18.8,13.8,16.8,68,63.5,65.85,0,0.38
104,1/9/2018 7:00,20.6,15.6,18.6,59,54.5,56.85,100,2.12
105,1/9/2018 8:00,21.2,16.2,19.2,53.4,48.9,51.25,160,3.09
106,1/9/2018 9:00,21.7,16.7,19.7,44,39.5,41.85,190,3.92
107,1/9/2018 10:00,23.8,18.8,21.8,42,37.5,39.85,395,4.82
108,1/9/2018 11:00,24.4,19.4,22.4,43.3,38.8,41.15,482,5.09
109,1/9/2018 12:00,24.2,19.2,22.2,50.3,45.8,48.15,624,4.51
110,1/9/2018 13:00,24.4,19.4,22.4,59,54.5,56.85,735,3.76
111,1/9/2018 14:00,23.5,18.5,21.5,63,58.5,60.85,756,3.01
112,1/9/2018 15:00,23.2,18.2,21.2,65.3,60.8,63.15,538,2.83
113,1/9/2018 16:00,20.8,15.8,18.8,69,64.5,66.85,498,1.16
114,1/9/2018 17:00,20.2,15.2,18.2,69.2,64.7,67.05,367,1.16
115,1/9/2018 18:00,20.7,15.7,18.7,71,66.5,68.85,293,0.97
116,1/10/2018 6:00,22.2,17.2,20.2,74,69.5,71.85,0,1.6
117,1/10/2018 7:00,23.1,18.1,21.1,58.8,54.3,56.65,100,3.39
118,1/10/2018 8:00,23.4,18.4,21.4,54,49.5,51.85,160,3.79
119,1/10/2018 9:00,23.8,18.8,21.8,44.33,39.83,42.18,190,4.65
120,1/10/2018 10:00,24.8,19.8,22.8,42,37.5,39.85,395,5.17
121,1/10/2018 11:00,25.1,20.1,23.1,44.3,39.8,42.15,482,5.37
122,1/10/2018 12:00,25.6,20.6,23.6,51,46.5,48.85,624,4.81
123,1/10/2018 13:00,23.8,18.8,21.8,59.4,54.9,57.25,735,3.35
124,1/10/2018 14:00,23.8,18.8,21.8,63,58.5,60.85,756,3.01
125,1/10/2018 15:00,23.1,18.1,21.1,64.34,59.84,62.19,538,2.92
126,1/10/2018 16:00,21.8,16.8,19.8,69,64.5,66.85,498,1.61
127,1/10/2018 17:00,21.4,16.4,19.4,70.3,65.8,68.15,367,1.51
128,1/10/2018 18:00,21.8,16.8,19.8,71,66.5,68.85,293,1.42
129,1/11/2018 6:00,18.8,13.8,16.8,70.3,65.8,68.15,0,0.17
130,1/11/2018 7:00,19.4,14.4,17.4,56,51.5,53.85,100,2
131,1/11/2018 8:00,21.8,16.8,19.8,54,49.5,51.85,160,3
132,1/11/2018 9:00,21.8,16.8,19.8,44.3,39.8,42.15,190,3.92
133,1/11/2018 10:00,21.7,16.7,19.7,43,38.5,40.85,395,4.01
134,1/11/2018 11:00,22,17,20,44,39.5,41.85,482,4.28
135,1/11/2018 12:00,22.8,17.8,20.8,51,46.5,48.85,624,3.66
136,1/11/2018 13:00,23.8,18.8,21.8,59,54.5,56.85,735,3.35
137,1/11/2018 14:00,24.3,19.3,22.3,63.3,58.8,61.15,756,3.42
138,1/11/2018 15:00,24.8,19.8,22.8,67.2,62.7,65.05,538,3.09
139,1/11/2018 16:00,24.7,19.7,22.7,69,64.5,66.85,498,2.92
140,1/11/2018 17:00,22.8,17.8,20.8,69,64.5,66.85,367,2.05
141,1/11/2018 18:00,21.8,16.8,19.8,71.3,66.8,69.15,293,1.42
142,1/12/2018 6:00,19.7,14.7,17.7,68.3,63.8,66.15,0,0.82
143,1/12/2018 7:00,19.8,14.8,17.8,56,51.5,53.85,100,2
144,1/12/2018 8:00,20.9,15.9,18.9,53,48.5,50.85,160,2.7
145,1/12/2018 9:00,19.8,14.8,17.8,45,40.5,42.85,190,3.09
146,1/12/2018 10:00,20.7,15.7,18.7,42.7,38.2,40.55,395,3.69
147,1/12/2018 11:00,20.8,15.8,18.8,44,39.5,41.85,482,3.55
148,1/12/2018 12:00,21.8,16.8,19.8,51,46.5,48.85,624,3.27
149,1/12/2018 13:00,23.3,18.3,21.3,59.7,55.2,57.55,735,3.3
150,1/12/2018 14:00,22.7,17.7,20.7,62,57.5,59.85,756,2.68
151,1/12/2018 15:00,22.8,17.8,20.8,66,61.5,63.85,538,2.32
152,1/12/2018 16:00,23,18,21,69.5,65,67.35,498,2.43
153,1/12/2018 17:00,22.8,17.8,20.8,70,65.5,67.85,367,1.96
154,1/12/2018 18:00,21.8,16.8,19.8,71,66.5,68.85,293,1.42
155,1/13/2018 6:00,18.8,13.8,16.8,68,63.5,65.85,0,0.38
156,1/13/2018 7:00,19.4,14.4,17.4,59,54.5,56.85,100,1.71
157,1/13/2018 8:00,21.8,16.8,19.8,54,49.5,51.85,160,3
158,1/13/2018 9:00,21.8,16.8,19.8,47.7,43.2,45.55,190,3.59
159,1/13/2018 10:00,21.7,16.7,19.7,42,37.5,39.85,395,4.1
160,1/13/2018 11:00,22,17,20,43,38.5,40.85,482,4.37
161,1/13/2018 12:00,22.8,17.8,20.8,50.7,46.2,48.55,624,3.7
162,1/13/2018 13:00,23.8,18.8,21.8,59,54.5,56.85,735,3.35
163,1/13/2018 14:00,24.3,19.3,22.3,63,58.5,60.85,756,3.42
164,1/13/2018 15:00,24.8,19.8,22.8,65.3,60.8,63.15,538,3.26
165,1/13/2018 16:00,24.7,19.7,22.7,68.6,64.1,66.45,498,2.95
166,1/13/2018 17:00,22.8,17.8,20.8,66,61.5,63.85,367,2.32
167,1/13/2018 18:00,21.8,16.8,19.8,71,66.5,68.85,293,1.42
168,1/14/2018 6:00,18.8,13.8,16.8,68,63.5,65.85,0,0.38
169,1/14/2018 7:00,19.4,14.4,17.4,56.2,51.7,54.05,100,2
170,1/14/2018 8:00,21.8,16.8,19.8,54,49.5,51.85,160,3
171,1/14/2018 9:00,21.8,16.8,19.8,44.6,40.1,42.45,190,3.86
172,1/14/2018 10:00,21.7,16.7,19.7,42,37.5,39.85,395,4.1
173,1/14/2018 11:00,22,17,20,44,39.5,41.85,482,4.28
174,1/14/2018 12:00,22.8,17.8,20.8,51,46.5,48.85,624,3.66
175,1/14/2018 13:00,23.8,18.8,21.8,59.6,55.1,57.45,735,3.3
176,1/14/2018 14:00,24.3,19.3,22.3,63,58.5,60.85,756,3.42
177,1/14/2018 15:00,24.8,19.8,22.8,66.3,61.8,64.15,538,3.17
178,1/14/2018 16:00,24.8,19.8,22.8,69,64.5,66.85,498,2.92
179,1/14/2018 17:00,25.7,20.7,23.7,67.45,62.95,65.3,367,3.51
180,1/14/2018 18:00,23.8,18.8,21.8,71.4,66.9,69.25,293,2.31
181,1/15/2018 6:00,17.3,12.3,15.3,50.975,46.475,48.825,0,1.76
182,1/15/2018 7:00,18.1,13.1,16.1,46.645,42.145,44.495,20,2.55
183,1/15/2018 8:00,21.8,16.8,19.8,43.755,39.255,41.605,80,3.96
184,1/15/2018 9:00,22.9,17.9,20.9,37.005,32.505,34.855,140,4.9
185,1/15/2018 10:00,23.6,18.6,21.6,32.975,28.475,30.825,229,5.62
186,1/15/2018 11:00,24.1,19.1,22.1,32.075,27.575,29.925,345,6
187,1/15/2018 12:00,24.1,19.1,22.1,32.535,28.035,30.385,450,5.95
188,1/15/2018 13:00,26.45,21.45,24.45,25.975,21.475,23.825,584,7.13
189,1/15/2018 14:00,27.8,22.8,25.8,26.975,22.475,24.825,659,7.35
190,1/15/2018 15:00,27.65,22.65,25.65,28.315,23.815,26.165,538,7.25
191,1/15/2018 16:00,23.5,18.5,21.5,53.475,48.975,51.325,498,3.87
192,1/15/2018 17:00,22.05,17.05,20.05,56.345,51.845,54.195,367,3.21
193,1/15/2018 18:00,19.75,14.75,17.75,57.955,53.455,55.805,293,1.85
194,1/16/2018 6:00,17.25,12.25,15.25,50.975,46.475,48.825,0,1.76
195,1/16/2018 7:00,18.85,13.85,16.85,46.645,42.145,44.495,20,2.55
196,1/16/2018 8:00,22.15,17.15,20.15,43.755,39.255,41.605,80,4.32
197,1/16/2018 9:00,23.1,18.1,21.1,37.255,32.755,35.105,140,5.25
198,1/16/2018 10:00,23.9,18.9,21.9,32.975,28.475,30.825,229,5.62
199,1/16/2018 11:00,24.1,19.1,22.1,32.075,27.575,29.925,345,6
200,1/16/2018 12:00,25.05,20.05,23.05,32.535,28.035,30.385,450,6.28
201,1/16/2018 13:00,27.1,22.1,25.1,25.975,21.475,23.825,584,7.43
202,1/16/2018 14:00,28.2,23.2,26.2,26.975,22.475,24.825,659,7.65
203,1/16/2018 15:00,28.35,23.35,26.35,28.315,23.815,26.165,538,7.56
204,1/16/2018 16:00,23.85,18.85,21.85,53.475,48.975,51.325,498,3.87
205,1/16/2018 17:00,22.35,17.35,20.35,56.345,51.845,54.195,367,3.21
206,1/16/2018 18:00,20.3,15.3,18.3,57.955,53.455,55.805,293,2.26
207,1/17/2018 6:00,17.3,12.3,15.3,50.975,46.475,48.825,0,1.76
208,1/17/2018 7:00,18.1,13.1,16.1,46.645,42.145,44.495,20,2.55
209,1/17/2018 8:00,21.8,16.8,19.8,43.755,39.255,41.605,80,3.96
210,1/17/2018 9:00,22.9,17.9,20.9,37.005,32.505,34.855,140,4.9
211,1/17/2018 10:00,23.6,18.6,21.6,32.975,28.475,30.825,229,5.62
212,1/17/2018 11:00,24.1,19.1,22.1,32.075,27.575,29.925,345,6
213,1/17/2018 12:00,24.1,19.1,22.1,32.535,28.035,30.385,450,5.95
214,1/17/2018 13:00,26.45,21.45,24.45,25.975,21.475,23.825,584,7.13
215,1/17/2018 14:00,27.8,22.8,25.8,26.975,22.475,24.825,659,7.35
216,1/17/2018 15:00,27.65,22.65,25.65,28.315,23.815,26.165,538,7.25
217,1/17/2018 16:00,23.5,18.5,21.5,53.475,48.975,51.325,498,3.87
218,1/17/2018 17:00,22.05,17.05,20.05,56.345,51.845,54.195,367,3.21
219,1/17/2018 18:00,19.75,14.75,17.75,57.955,53.455,55.805,293,1.85
220,1/18/2018 6:00,17.25,12.25,15.25,50.975,46.475,48.825,0,1.76
221,1/18/2018 7:00,18.85,13.85,16.85,46.645,42.145,44.495,20,2.55
222,1/18/2018 8:00,22.15,17.15,20.15,43.755,39.255,41.605,80,4.32
223,1/18/2018 9:00,23.1,18.1,21.1,37.255,32.755,35.105,140,5.25
224,1/18/2018 10:00,23.9,18.9,21.9,32.975,28.475,30.825,229,5.62
225,1/18/2018 11:00,24.3,19.3,22.3,32.075,27.575,29.925,345,6
226,1/18/2018 12:00,25.05,20.05,23.05,32.535,28.035,30.385,450,6.28
227,1/18/2018 13:00,27.1,22.1,25.1,25.975,21.475,23.825,584,7.43
228,1/18/2018 14:00,28.2,23.2,26.2,26.975,22.475,24.825,659,7.65
229,1/18/2018 15:00,28.35,23.35,26.35,28.315,23.815,26.165,538,7.56
230,1/18/2018 16:00,23.85,18.85,21.85,53.475,48.975,51.325,498,3.87
231,1/18/2018 17:00,22.35,17.35,20.35,56.345,51.845,54.195,367,3.21
232,1/18/2018 18:00,20.3,15.3,18.3,57.955,53.455,55.805,293,2.26
233,1/19/2018 6:00,17.3,12.3,15.3,50.975,46.475,48.825,0,1.76
234,1/19/2018 7:00,18.1,13.1,16.1,46.645,42.145,44.495,20,2.55
235,1/19/2018 8:00,21.8,16.8,19.8,43.755,39.255,41.605,80,3.96
236,1/19/2018 9:00,22.9,17.9,20.9,37.005,32.505,34.855,140,4.9
237,1/19/2018 10:00,23.6,18.6,21.6,32.975,28.475,30.825,229,5.62
238,1/19/2018 11:00,24.3,19.3,22.3,32.075,27.575,29.925,345,6
239,1/19/2018 12:00,24.3,19.3,22.3,32.535,28.035,30.385,450,5.95
240,1/19/2018 13:00,26.45,21.45,24.45,25.975,21.475,23.825,584,7.13
241,1/19/2018 14:00,27.8,22.8,25.8,26.975,22.475,24.825,659,7.35
242,1/19/2018 15:00,27.65,22.65,25.65,28.315,23.815,26.165,538,7.25
243,1/19/2018 16:00,23.5,18.5,21.5,53.475,48.975,51.325,498,3.87
244,1/19/2018 17:00,22.05,17.05,20.05,56.345,51.845,54.195,367,3.21
245,1/19/2018 18:00,19.75,14.75,17.75,57.955,53.455,55.805,293,1.85
246,1/20/2018 6:00,17.25,12.25,15.25,50.975,46.475,48.825,0,1.76
247,1/20/2018 7:00,18.85,13.85,16.85,46.645,42.145,44.495,20,2.55
248,1/20/2018 8:00,22.15,17.15,20.15,43.755,39.255,41.605,80,4.32
249,1/20/2018 9:00,23.1,18.1,21.1,37.255,32.755,35.105,140,5.25
250,1/20/2018 10:00,23.9,18.9,21.9,32.975,28.475,30.825,229,5.62
251,1/20/2018 11:00,24.3,19.3,22.3,32.075,27.575,29.925,345,6
252,1/20/2018 12:00,25.05,20.05,23.05,32.535,28.035,30.385,450,6.28
253,1/20/2018 13:00,27.1,22.1,25.1,25.975,21.475,23.825,584,7.43
254,1/20/2018 14:00,28.2,23.2,26.2,26.975,22.475,24.825,659,7.65
255,1/20/2018 15:00,28.35,23.35,26.35,28.315,23.815,26.165,538,7.56
256,1/20/2018 16:00,23.85,18.85,21.85,53.475,48.975,51.325,498,3.87
257,1/20/2018 17:00,22.35,17.35,20.35,56.345,51.845,54.195,367,3.21
258,1/20/2018 18:00,20.3,15.3,18.3,57.955,53.455,55.805,293,2.26
259,1/21/2018 6:00,17.3,12.3,15.3,50.975,46.475,48.825,0,1.76
260,1/21/2018 7:00,18.1,13.1,16.1,46.645,42.145,44.495,20,2.55
261,1/21/2018 8:00,21.8,16.8,19.8,43.755,39.255,41.605,80,3.96
262,1/21/2018 9:00,22.9,17.9,20.9,37.005,32.505,34.855,140,4.9
263,1/21/2018 10:00,23.6,18.6,21.6,32.975,28.475,30.825,229,5.62
264,1/21/2018 11:00,24.3,19.3,22.3,32.075,27.575,29.925,345,6
265,1/21/2018 12:00,24.3,19.3,22.3,32.535,28.035,30.385,450,5.95
266,1/21/2018 13:00,26.45,21.45,24.45,25.975,21.475,23.825,584,7.13
267,1/21/2018 14:00,27.8,22.8,25.8,26.975,22.475,24.825,659,7.35
268,1/21/2018 15:00,27.65,22.65,25.65,28.315,23.815,26.165,538,7.25
269,1/21/2018 16:00,23.5,18.5,21.5,53.475,48.975,51.325,498,3.87
270,1/21/2018 17:00,22.05,17.05,20.05,56.345,51.845,54.195,367,3.21
271,1/21/2018 18:00,19.75,14.75,17.75,57.955,53.455,55.805,293,1.85
272,1/22/2018 6:00,17.25,12.25,15.25,50.975,46.475,48.825,0,1.76
273,1/22/2018 7:00,18.85,13.85,16.85,46.645,42.145,44.495,20,2.55
274,1/22/2018 8:00,22.15,17.15,20.15,43.755,39.255,41.605,80,4.32
275,1/22/2018 9:00,23.1,18.1,21.1,37.255,32.755,35.105,140,5.25
276,1/22/2018 10:00,23.9,18.9,21.9,32.975,28.475,30.825,229,5.62
277,1/22/2018 11:00,24.3,19.3,22.3,32.075,27.575,29.925,345,6
278,1/22/2018 12:00,25.05,20.05,23.05,32.535,28.035,30.385,450,6.28
279,1/22/2018 13:00,27.1,22.1,25.1,25.975,21.475,23.825,584,7.43
280,1/22/2018 14:00,28.2,23.2,26.2,26.975,22.475,24.825,659,7.65
281,1/22/2018 15:00,28.35,23.35,26.35,28.315,23.815,26.165,538,7.56
282,1/22/2018 16:00,23.85,18.85,21.85,53.475,48.975,51.325,498,3.87
283,1/22/2018 17:00,22.35,17.35,20.35,56.345,51.845,54.195,367,3.21
284,1/22/2018 18:00,20.3,15.3,18.3,57.955,53.455,55.805,293,2.26
285,1/23/2018 6:00,17.25,12.25,15.25,50.975,46.475,48.825,0,1.76
286,1/23/2018 7:00,18.85,13.85,16.85,46.645,42.145,44.495,20,2.55
287,1/23/2018 8:00,22.15,17.15,20.15,43.755,39.255,41.605,80,4.32
288,1/23/2018 9:00,23.1,18.1,21.1,37.255,32.755,35.105,140,5.25
289,1/23/2018 10:00,23.9,18.9,21.9,32.975,28.475,30.825,229,5.62
290,1/23/2018 11:00,24.3,19.3,22.3,32.075,27.575,29.925,345,6
291,1/23/2018 12:00,25.05,20.05,23.05,32.535,28.035,30.385,450,6.28
292,1/23/2018 13:00,27.1,22.1,25.1,25.975,21.475,23.825,584,7.43
293,1/23/2018 14:00,28.2,23.2,26.2,26.975,22.475,24.825,659,7.65
294,1/23/2018 15:00,28.35,23.35,26.35,28.315,23.815,26.165,538,7.56
295,1/23/2018 16:00,23.85,18.85,21.85,53.475,48.975,51.325,498,3.87
296,1/23/2018 17:00,22.35,17.35,20.35,56.345,51.845,54.195,367,3.21
297,1/23/2018 18:00,20.3,15.3,18.3,57.955,53.455,55.805,293,2.26
298,1/24/2018 6:00,18.85,13.85,16.85,47.5,43,45.35,20,2.45
299,1/24/2018 7:00,22.15,17.15,20.15,43.755,39.255,41.605,80,4.32
300,1/24/2018 8:00,23.1,18.1,21.1,36.32,31.82,34.17,140,5.33
301,1/24/2018 9:00,23.9,18.9,21.9,32.975,28.475,30.825,229,5.62
302,1/24/2018 10:00,24.3,19.3,22.3,34.2,29.7,32.05,345,5.83
303,1/24/2018 11:00,25.05,20.05,23.05,32.535,28.035,30.385,450,6.28
304,1/24/2018 12:00,27.1,22.1,25.1,25.975,21.475,23.825,584,7.43
305,1/24/2018 13:00,28.2,23.2,26.2,27.2,22.7,25.05,659,7.63
306,1/24/2018 14:00,28.35,23.35,26.35,28.315,23.815,26.165,538,7.56
307,1/24/2018 15:00,23.85,18.85,21.85,52.3,47.8,50.15,498,3.96
308,1/24/2018 16:00,22.35,17.35,20.35,56.345,51.845,54.195,367,3.21
309,1/24/2018 17:00,20.3,15.3,18.3,58.3,53.8,56.15,293,2.22
310,1/24/2018 18:00,18.3,13.3,16.3,57.335,52.835,55.185,178,1.5
311,1/25/2018 6:00,17.25,12.25,15.25,50.975,46.475,48.825,0,1.76
312,1/25/2018 7:00,18.85,13.85,16.85,46.645,42.145,44.495,20,2.55
313,1/25/2018 8:00,22.15,17.15,20.15,43.8,39.3,41.65,80,4.32
314,1/25/2018 9:00,23.1,18.1,21.1,37.255,32.755,35.105,140,5.25
315,1/25/2018 10:00,23.9,18.9,21.9,32.975,28.475,30.825,229,5.62
316,1/25/2018 11:00,24.3,19.3,22.3,33.8,29.3,31.65,345,5.87
317,1/25/2018 12:00,25.05,20.05,23.05,32.535,28.035,30.385,450,6.28
318,1/25/2018 13:00,27.1,22.1,25.1,25.975,21.475,23.825,584,7.43
319,1/25/2018 14:00,28.2,23.2,26.2,27.9,23.4,25.75,659,7.58
320,1/25/2018 15:00,28.35,23.35,26.35,28.315,23.815,26.165,538,7.56
321,1/25/2018 16:00,23.85,18.85,21.85,53.475,48.975,51.325,498,3.87
322,1/25/2018 17:00,22.35,17.35,20.35,56.345,51.845,54.195,367,3.21
323,1/25/2018 18:00,20.3,15.3,18.3,57.955,53.455,55.805,293,2.26
324,1/26/2018 6:00,17.25,12.25,15.25,50.975,46.475,48.825,0,1.76
325,1/26/2018 7:00,18.85,13.85,16.85,46.645,42.145,44.495,20,2.55
326,1/26/2018 8:00,22.15,17.15,20.15,43.755,39.255,41.605,80,4.32
327,1/26/2018 9:00,23.1,18.1,21.1,37.255,32.755,35.105,140,5.25
328,1/26/2018 10:00,23.9,18.9,21.9,32.975,28.475,30.825,229,5.62
329,1/26/2018 11:00,24.3,19.3,22.3,32.075,27.575,29.925,345,6
330,1/26/2018 12:00,25.05,20.05,23.05,32.535,28.035,30.385,450,6.28
331,1/26/2018 13:00,25.8,20.8,23.8,25.975,21.475,23.825,584,6.82
332,1/26/2018 14:00,26,21,24,26.975,22.475,24.825,659,7.05
333,1/26/2018 15:00,25.8,20.8,23.8,28.315,23.815,26.165,538,6.64
334,1/26/2018 16:00,23.85,18.85,21.85,53.475,48.975,51.325,498,3.87
335,1/26/2018 17:00,22.35,17.35,20.35,56.345,51.845,54.195,367,3.21
336,1/26/2018 18:00,20.3,15.3,18.3,57.955,53.455,55.805,293,2.26
337,1/27/2018 6:00,17.25,12.25,15.25,47.5,43,45.35,30,2.07
338,1/27/2018 7:00,18.85,13.85,16.85,43.755,39.255,41.605,200,2.86
339,1/27/2018 8:00,22.15,17.15,20.15,36.32,31.82,34.17,320,4.99
340,1/27/2018 9:00,23.1,18.1,21.1,32.975,28.475,30.825,390,5.62
341,1/27/2018 10:00,23.7,18.7,21.7,34.2,29.7,32.05,496,5.5
342,1/27/2018 11:00,24.3,19.3,22.3,32.535,28.035,30.385,581,5.95
343,1/27/2018 12:00,25.05,20.05,23.05,25.975,21.475,23.825,756,6.82
344,1/27/2018 13:00,26.2,21.2,24.2,27.2,22.7,25.05,845,7.02
345,1/27/2018 14:00,26,21,24,28.315,23.815,26.165,956,6.95
346,1/27/2018 15:00,26.2,21.2,24.2,52.3,47.8,50.15,836,5.1
347,1/27/2018 16:00,23.85,18.85,21.85,56.345,51.845,54.195,745,3.61
348,1/27/2018 17:00,22.35,17.35,20.35,58.3,53.8,56.15,540,3.03
349,1/27/2018 18:00,20.3,15.3,18.3,57.335,52.835,55.185,510,2.31
350,1/28/2018 6:00,17.25,12.25,15.25,46.645,42.145,44.495,30,2.18
351,1/28/2018 7:00,18.85,13.85,16.85,43.8,39.3,41.65,200,2.86
352,1/28/2018 8:00,22.15,17.15,20.15,37.255,32.755,35.105,320,4.9
353,1/28/2018 9:00,22.7,17.7,20.7,32.975,28.475,30.825,390,5.29
354,1/28/2018 10:00,23.2,18.2,21.2,33.8,29.3,31.65,496,5.54
355,1/28/2018 11:00,24.3,19.3,22.3,32.535,28.035,30.385,581,5.95
356,1/28/2018 12:00,25.1,20.1,23.1,25.975,21.475,23.825,756,6.82
357,1/28/2018 13:00,26,21,24,27.9,23.4,25.75,845,6.98
358,1/28/2018 14:00,25.9,20.9,23.9,28.315,23.815,26.165,956,6.64
359,1/28/2018 15:00,26.2,21.2,24.2,53.475,48.975,51.325,836,5.03
360,1/28/2018 16:00,24.1,19.1,22.1,52,47.5,49.85,745,4.34
361,1/28/2018 17:00,22.2,17.2,20.2,53,48.5,50.85,540,3.48
362,1/28/2018 18:00,20.3,15.3,18.3,55,50.5,52.85,510,2.5
363,1/29/2018 6:00,18.85,13.85,16.85,46.645,42.145,44.495,30,2.55
364,1/29/2018 7:00,22.15,17.15,20.15,43.755,39.255,41.605,200,4.32
365,1/29/2018 8:00,22.7,17.7,20.7,37.255,32.755,35.105,320,4.9
366,1/29/2018 9:00,23.2,18.2,21.2,32.975,28.475,30.825,390,5.62
367,1/29/2018 10:00,24.3,19.3,22.3,32.075,27.575,29.925,496,6
368,1/29/2018 11:00,25.1,20.1,23.1,32.535,28.035,30.385,581,6.28
369,1/29/2018 12:00,26,21,24,25.975,21.475,23.825,756,7.13
370,1/29/2018 13:00,25.9,20.9,23.9,26.975,22.475,24.825,845,6.75
371,1/29/2018 14:00,26.2,21.2,24.2,28.315,23.815,26.165,956,6.95
372,1/29/2018 15:00,24.1,19.1,22.1,53.475,48.975,51.325,836,4.26
373,1/29/2018 16:00,22.2,17.2,20.2,56.345,51.845,54.195,745,3.21
374,1/29/2018 17:00,20.3,15.3,18.3,56,51.5,53.85,540,2.41
375,1/29/2018 18:00,17.8,12.8,15.8,57.4,52.9,55.25,510,1.09
376,1/30/2018 6:00,18.85,13.85,16.85,25,20.5,22.85,30,4.72
377,1/30/2018 7:00,22.15,17.15,20.15,13.28,8.78,11.13,200,6.98
378,1/30/2018 8:00,21.8,16.8,19.8,22.45,17.95,20.3,320,5.92
379,1/30/2018 9:00,23.1,18.1,21.1,10.28,5.78,8.13,390,7.49
380,1/30/2018 10:00,24.3,19.3,22.3,9,4.5,6.85,496,7.82
381,1/30/2018 11:00,25.8,20.8,23.8,8.56,4.06,6.41,581,8.1
382,1/30/2018 12:00,26.3,21.3,24.3,9.37,4.87,7.22,756,8.33
383,1/30/2018 13:00,26.7,21.7,24.7,10,5.5,7.85,845,8.26
384,1/30/2018 14:00,27.2,22.2,25.2,12.28,7.78,10.13,956,8.38
385,1/30/2018 15:00,24.1,19.1,22.1,15.28,10.78,13.13,836,7.36
386,1/30/2018 16:00,22.8,17.8,20.8,36,31.5,33.85,745,4.99
387,1/30/2018 17:00,20.8,15.8,18.8,22.89,18.39,20.74,540,5.56
388,1/30/2018 18:00,19.8,14.8,17.8,25,20.5,22.85,510,5.03
389,1/31/2018 6:00,18.85,13.85,16.85,25,20.5,22.85,30,4.72
390,1/31/2018 7:00,22.15,17.15,20.15,13.28,8.78,11.13,200,6.98
391,1/31/2018 8:00,22.8,17.8,20.8,11,6.5,8.85,320,7.15
392,1/31/2018 9:00,23.1,18.1,21.1,10.28,5.78,8.13,390,7.49
393,1/31/2018 10:00,24.8,19.8,22.8,9,4.5,6.85,496,7.82
394,1/31/2018 11:00,25.8,20.8,23.8,8.56,4.06,6.41,581,8.1
395,1/31/2018 12:00,26.3,21.3,24.3,9.37,4.87,7.22,756,8.33
396,1/31/2018 13:00,26.8,21.8,24.8,10,5.5,7.85,845,8.26
397,1/31/2018 14:00,28.8,23.8,26.8,12.28,7.78,10.13,956,8.64
398,1/31/2018 15:00,30.8,25.8,28.8,15.28,10.78,13.13,836,8.96
399,1/31/2018 16:00,31.8,26.8,29.8,39.2,34.7,37.05,745,7.76
400,1/31/2018 17:00,31.4,26.4,29.4,22.89,18.39,20.74,540,8.77
401,1/31/2018 18:00,30.8,25.8,28.8,19.5,20.4,22.75,510,8.5
402,5/1/2018 6:00,29.3,22.7,26.3,24.19,15.99,18.34,52,8.03
403,5/1/2018 7:00,30.6,24,27.6,19.5,18,20.35,222,8.47
404,5/1/2018 8:00,30.9,24.3,27.9,10.78,6.58,8.68,342,9.13
405,5/1/2018 9:00,30.9,24.3,27.9,8.7,4.5,6.6,412,9.24
406,5/1/2018 10:00,33.3,26.7,30.3,7.78,3.58,5.68,518,9.89
407,5/1/2018 11:00,35.3,28.7,32.3,7.2,3,5.1,603,10.34
408,5/1/2018 12:00,35.6,29,32.6,6.06,1.86,3.96,778,10.5
409,5/1/2018 13:00,36.3,29.7,33.3,6.87,2.67,4.77,867,10.59
410,5/1/2018 14:00,37.3,30.7,34.3,7.8,3.6,5.7,978,10.78
411,5/1/2018 15:00,37.3,30.7,34.3,9.78,5.58,7.68,858,10.7
412,5/1/2018 16:00,36.6,30,33.6,13.73,9.53,11.63,767,10.42
413,5/1/2018 17:00,37.9,31.3,34.9,33.5,29.3,31.4,562,9.74
414,5/1/2018 18:00,37.2,30.6,34.2,20.39,16.19,18.29,532,10.23
415,5/2/2018 6:00,37.08,30.48,34.08,22.4,18.2,20.3,52,10.13
416,5/2/2018 7:00,37.3,30.7,34.3,22.5,18.3,20.4,222,10.13
417,5/2/2018 8:00,37.8,31.2,34.8,10.78,6.58,8.68,342,10.77
418,5/2/2018 9:00,39,32.4,36,8.4,4.2,6.3,412,11.17
419,5/2/2018 10:00,39.5,32.9,36.5,7.78,3.58,5.68,518,11.2
420,5/2/2018 11:00,39.8,33.2,36.8,6.5,2.3,4.4,603,11.32
421,5/2/2018 12:00,39.9,33.3,36.9,6.06,1.86,3.96,778,11.34
422,5/2/2018 13:00,41.1,34.5,38.1,7.2,3,5.1,867,11.6
423,5/2/2018 14:00,41.9,35.3,38.9,7.5,3.3,5.4,978,11.7
424,5/2/2018 15:00,38.3,31.7,35.3,9.78,5.58,7.68,858,10.92
425,5/2/2018 16:00,37.5,30.9,34.5,12.2,8,10.1,767,10.58
426,5/2/2018 17:00,38,31.4,35,33.5,29.3,31.4,562,9.88
427,5/2/2018 18:00,36.3,29.7,33.3,20.39,16.19,18.29,532,9.98
428,5/3/2018 6:00,32,25.4,29,22.4,18.2,20.3,52,8.81
429,5/3/2018 7:00,40.9,34.3,37.9,22.5,18.3,20.4,222,10.99
430,5/3/2018 8:00,40.3,33.7,37.3,10.78,6.58,8.68,342,11.31
431,5/3/2018 9:00,41.3,34.7,38.3,8.5,4.3,6.4,412,11.58
432,5/3/2018 10:00,42.3,35.7,39.3,7.78,3.58,5.68,518,11.8
433,5/3/2018 11:00,42.9,36.3,39.9,6.5,2.3,4.4,603,11.91
434,5/3/2018 12:00,43.2,36.6,40.2,6.06,1.86,3.96,778,12.01
435,5/3/2018 13:00,44.3,37.7,41.3,6.87,2.67,4.77,867,12.19
436,5/3/2018 14:00,43.9,37.3,40.9,7.5,3.3,5.4,978,12.08
437,5/3/2018 15:00,42.3,35.7,39.3,9.78,5.58,7.68,858,11.75
438,5/3/2018 16:00,40.3,33.7,37.3,12.78,8.58,10.68,767,11.25
439,5/3/2018 17:00,39,32.4,36,35.3,31.1,33.2,562,10.06
440,5/3/2018 18:00,38.3,31.7,35.3,20.39,16.19,18.29,532,10.47
441,5/4/2018 6:00,30.2,23.6,27.2,22.5,18.3,20.4,52,8.25
442,5/4/2018 7:00,32.3,25.7,29.3,22.6,18.4,20.5,222,8.81
443,5/4/2018 8:00,32.8,26.2,29.8,10.78,6.58,8.68,342,9.62
444,5/4/2018 9:00,32.2,25.6,29.2,8.5,4.3,6.4,412,9.61
445,5/4/2018 10:00,33.2,26.6,30.2,7.78,3.58,5.68,518,9.89
446,5/4/2018 11:00,33.3,26.7,30.3,6.5,2.3,4.4,603,9.93
447,5/4/2018 12:00,33.6,27,30.6,6.06,1.86,3.96,778,10.06
448,5/4/2018 13:00,34.9,28.3,31.9,6.87,2.67,4.77,867,10.26
449,5/4/2018 14:00,35.3,28.7,32.3,7.5,3.3,5.4,978,10.34
450,5/4/2018 15:00,35.9,29.3,32.9,9.78,5.58,7.68,858,10.37
451,5/4/2018 16:00,36.6,30,33.6,12.78,8.58,10.68,767,10.47
452,5/4/2018 17:00,38.3,31.7,35.3,33.5,29.3,31.4,562,9.88
453,5/4/2018 18:00,37.08,30.48,34.08,20.39,16.19,18.29,52,10.23
454,5/5/2018 6:00,41.3,34.7,38.3,22.5,18.3,20.4,222,11.11
455,5/5/2018 7:00,42.66,36.06,39.66,10.78,6.58,8.68,342,11.83
456,5/5/2018 8:00,45.3,38.7,42.3,7.8,3.6,5.7,412,12.36
457,5/5/2018 9:00,44.8,38.2,41.8,7.78,3.58,5.68,518,12.27
458,5/5/2018 10:00,45.3,38.7,42.3,6.7,2.5,4.6,603,12.37
459,5/5/2018 11:00,45.3,38.7,42.3,6.06,1.86,3.96,778,12.37
460,5/5/2018 12:00,40.8,35.8,38.3,6.87,2.67,4.77,867,11.59
461,5/5/2018 13:00,46.8,40.2,43.8,7.5,3.3,5.4,978,12.63
462,5/5/2018 14:00,43.3,36.7,40.3,9.78,5.58,7.68,858,11.95
463,5/5/2018 15:00,39.3,32.7,36.3,12.78,8.58,10.68,767,11.03
464,5/5/2018 16:00,38.3,31.7,35.3,33.5,29.3,31.4,562,9.88
465,5/5/2018 17:00,38.3,31.7,35.3,20.39,16.19,18.29,532,10.47
466,5/5/2018 18:00,30.2,23.6,27.2,22.5,18.3,20.4,52,8.25
467,5/6/2018 6:00,32.3,25.7,29.3,22.5,18.3,20.4,222,8.81
468,5/6/2018 7:00,32.8,26.2,29.8,10.78,6.58,8.68,342,9.62
469,5/6/2018 8:00,32.2,25.6,29.2,8.9,4.7,6.8,412,9.61
470,5/6/2018 9:00,33.2,26.6,30.2,7.78,3.58,5.68,518,9.89
471,5/6/2018 10:00,33.3,26.7,30.3,7.3,3.1,5.2,603,9.89
472,5/6/2018 11:00,33.6,27,30.6,6.06,1.86,3.96,778,10.06
473,5/6/2018 12:00,34.9,28.3,31.9,6.87,2.67,4.77,867,10.26
474,5/6/2018 13:00,35.3,28.7,32.3,7.5,3.3,5.4,978,10.34
475,5/6/2018 14:00,35.9,29.3,32.9,9.78,5.58,7.68,858,10.37
476,5/6/2018 15:00,36.6,30,33.6,12.78,8.58,10.68,767,10.47
477,5/6/2018 16:00,38.3,31.7,35.3,33.5,29.3,31.4,562,9.88
478,5/6/2018 17:00,38.5,31.9,35.5,20.39,16.19,18.29,532,10.47
479,5/6/2018 18:00,30.2,23.6,27.2,22.5,18.3,20.4,52,8.25
480,5/7/2018 6:00,32.3,25.7,29.3,22.8,18.6,20.7,222,8.81
481,5/7/2018 7:00,32.8,26.2,29.8,10.78,6.58,8.68,342,9.62
482,5/7/2018 8:00,32.2,25.6,29.2,8.7,4.5,6.6,412,9.61
483,5/7/2018 9:00,33.2,26.6,30.2,7.78,3.58,5.68,518,9.89
484,5/7/2018 10:00,33.3,26.7,30.3,6.7,2.5,4.6,603,9.93
485,5/7/2018 11:00,33.6,27,30.6,6.06,1.86,3.96,778,10.06
486,5/7/2018 12:00,34.9,28.3,31.9,6.87,2.67,4.77,867,10.26
487,5/7/2018 13:00,35.3,28.7,32.3,7.5,3.3,5.4,978,10.34
488,5/7/2018 14:00,35.9,29.3,32.9,9.78,5.58,7.68,858,10.37
489,5/7/2018 15:00,36.6,30,33.6,12.78,8.58,10.68,767,10.47
490,5/7/2018 16:00,38.3,31.7,35.3,33.5,29.3,31.4,562,9.88
491,5/7/2018 17:00,37.08,30.48,34.08,20.39,16.19,18.29,52,10.23
492,5/7/2018 18:00,41.3,34.7,38.3,23.3,19.1,21.2,222,11.07
493,5/8/2018 6:00,42.66,36.06,39.66,10.78,6.58,8.68,342,11.83
494,5/8/2018 7:00,42.6,36,39.6,8.5,4.3,6.4,412,11.87
495,5/8/2018 8:00,43.3,36.7,40.3,7.78,3.58,5.68,518,11.99
496,5/8/2018 9:00,43.2,36.6,40.2,6.5,2.3,4.4,603,12
497,5/8/2018 10:00,43.8,37.2,40.8,6.06,1.86,3.96,778,12.1
498,5/8/2018 11:00,44.1,37.5,41.1,6.87,2.67,4.77,867,12.19
499,5/8/2018 12:00,42.3,35.7,39.3,7.5,3.3,5.4,978,11.8
500,5/8/2018 13:00,41.8,35.2,38.8,9.78,5.58,7.68,858,11.65
501,5/8/2018 14:00,39.3,32.7,36.3,12.78,8.58,10.68,767,11.03
502,5/8/2018 15:00,38.3,31.7,35.3,33.5,29.3,31.4,562,9.88
503,5/8/2018 16:00,38,31.4,35,20.39,16.19,18.29,532,10.47
504,5/8/2018 17:00,31.3,24.7,28.3,22.5,18.3,20.4,52,8.53
505,5/8/2018 18:00,32.3,25.7,29.3,22.5,18.3,20.4,222,8.81
506,5/9/2018 6:00,33.3,26.7,30.3,10.78,6.58,8.68,342,9.74
507,5/9/2018 7:00,34.2,27.6,31.2,8.5,4.3,6.4,412,10.07
508,5/9/2018 8:00,36.3,29.7,33.3,7.78,3.58,5.68,518,10.56
509,5/9/2018 9:00,37.3,30.7,34.3,6.7,2.5,4.6,603,10.81
510,5/9/2018 10:00,37.9,31.3,34.9,6.06,1.86,3.96,778,10.93
511,5/9/2018 11:00,38,31.4,35,6.87,2.67,4.77,867,11.02
512,5/9/2018 12:00,39,32.4,36,11.5,7.3,9.4,978,11.07
513,5/9/2018 13:00,39.2,32.6,36.2,9.78,5.58,7.68,858,11.14
514,5/9/2018 14:00,39.3,32.7,36.3,12.78,8.58,10.68,767,11.03
515,5/9/2018 15:00,39.1,32.5,36.1,35.63,31.43,33.53,562,10.06
516,5/9/2018 16:00,38.3,31.7,35.3,20.39,16.19,18.29,532,10.47
517,5/9/2018 17:00,32.3,25.7,29.3,22.5,18.3,20.4,52,8.81
518,5/9/2018 18:00,32.8,26.2,29.8,22.5,18.3,20.4,222,8.94
519,5/10/2018 6:00,33.2,26.6,30.2,10.78,6.58,8.68,342,9.74
520,5/10/2018 7:00,34.3,27.7,31.3,8.5,4.3,6.4,412,10.07
521,5/10/2018 8:00,35.6,29,32.6,7.78,3.58,5.68,518,10.45
522,5/10/2018 9:00,36.8,30.2,33.8,6.5,2.3,4.4,603,10.7
523,5/10/2018 10:00,37.3,30.7,34.3,6.06,1.86,3.96,778,10.83
524,5/10/2018 11:00,38.3,31.7,35.3,6.87,2.67,4.77,867,11.02
525,5/10/2018 12:00,37.3,30.7,34.3,7.5,3.3,5.4,978,10.78
526,5/10/2018 13:00,36.8,30.2,33.8,9.78,5.58,7.68,858,10.59
527,5/10/2018 14:00,37.3,30.7,34.3,12.78,8.58,10.68,767,10.58
528,5/10/2018 15:00,36.3,29.7,33.3,33.5,29.3,31.4,562,9.32
529,5/10/2018 16:00,35.8,29.2,32.8,20.39,16.19,18.29,532,9.85
530,5/10/2018 17:00,32.9,26.3,29.9,22.5,18.3,20.4,52,8.94
531,5/10/2018 18:00,31.7,25.1,28.7,22.5,18.3,20.4,222,8.67
532,5/11/2018 6:00,33.3,26.7,30.3,10.78,6.58,8.68,342,9.74
533,5/11/2018 7:00,33.7,27.1,30.7,8.5,4.3,6.4,412,9.95
534,5/11/2018 8:00,33.8,27.2,30.8,7.78,3.58,5.68,518,10
535,5/11/2018 9:00,34.3,27.7,31.3,6.5,2.3,4.4,603,10.16
536,5/11/2018 10:00,35.8,29.2,32.8,6.06,1.86,3.96,778,10.5
537,5/11/2018 11:00,35.8,29.2,32.8,6.87,2.67,4.77,867,10.48
538,5/11/2018 12:00,36.3,29.7,33.3,7.87,3.67,5.77,978,10.56
539,5/11/2018 13:00,39.3,32.7,36.3,9.78,5.58,7.68,858,11.14
540,5/11/2018 14:00,39.9,33.3,36.9,12.78,8.58,10.68,767,11.14
541,5/11/2018 15:00,37.3,30.7,34.3,33.5,29.3,31.4,562,9.6
542,5/11/2018 16:00,37.8,31.2,34.8,20.39,16.19,18.29,532,10.35
543,5/11/2018 17:00,33.2,26.6,30.2,23.39,19.19,21.29,52,9.03
544,5/11/2018 18:00,33.3,26.7,30.3,22.5,18.3,20.4,222,9.08
545,5/12/2018 6:00,33.9,27.3,30.9,10.78,6.58,8.68,342,9.86
546,5/12/2018 7:00,36.3,29.7,33.3,8.5,4.3,6.4,412,10.52
547,5/12/2018 8:00,37.3,30.7,34.3,7.78,3.58,5.68,518,10.78
548,5/12/2018 9:00,38.9,32.3,35.9,7.17,2.97,5.07,603,11.11
549,5/12/2018 10:00,39.6,33,36.6,6.06,1.86,3.96,778,11.34
550,5/12/2018 11:00,40.8,34.2,37.8,6.87,2.67,4.77,867,11.52
551,5/12/2018 12:00,41.2,34.6,38.2,7.5,3.3,5.4,978,11.6
552,5/12/2018 13:00,41.9,35.3,38.9,9.78,5.58,7.68,858,11.65
553,5/12/2018 14:00,40.3,33.7,37.3,12.78,8.58,10.68,767,11.25
554,5/12/2018 15:00,29.9,23.3,26.9,33.5,29.3,31.4,562,7.35
555,5/12/2018 16:00,38.3,31.7,35.3,21.17,16.97,19.07,532,10.46
556,5/12/2018 17:00,33.3,26.7,30.3,22.5,18.3,20.4,52,9.08
557,5/12/2018 18:00,33.9,27.3,30.9,22.5,18.3,20.4,222,9.21
558,5/13/2018 6:00,34.2,27.6,31.2,10.78,6.58,8.68,342,9.98
559,5/13/2018 7:00,45.3,38.7,42.3,8.5,4.3,6.4,412,12.34
560,5/13/2018 8:00,44.8,38.2,41.8,7.78,3.58,5.68,518,12.27
561,5/13/2018 9:00,45.3,38.7,42.3,6.5,2.3,4.4,603,12.37
562,5/13/2018 10:00,45.3,38.7,42.3,7.17,2.97,5.07,778,12.37
563,5/13/2018 11:00,39.8,34.8,38.5,6.87,2.67,4.77,867,11.35
564,5/13/2018 12:00,46.8,40.2,43.8,7.5,3.3,5.4,978,12.63
565,5/13/2018 13:00,43.3,36.7,40.3,9.78,5.58,7.68,858,11.95
566,5/13/2018 14:00,39.3,32.7,36.3,12.4,8.2,10.3,767,11.03
567,5/13/2018 15:00,38.3,31.7,35.3,33.5,29.3,31.4,562,9.88
568,5/13/2018 16:00,38.3,31.7,35.3,20.39,16.19,18.29,532,10.47
569,5/13/2018 17:00,32.67,26.07,29.67,22.5,18.3,20.4,22,8.94
570,5/13/2018 18:00,33.58,26.98,30.58,74.98,70.78,72.88,152,5.92
571,5/14/2018 6:00,34.3,27.7,31.3,68.5,64.3,66.4,222,6.68
572,5/14/2018 7:00,34.8,28.2,31.8,61.99,57.79,59.89,362,7.28
573,5/14/2018 8:00,36.3,29.7,33.3,51.73,47.53,49.63,412,8.36
574,5/14/2018 9:00,37.58,30.98,34.58,43.98,39.78,41.88,438,9.1
575,5/14/2018 10:00,36.3,29.7,33.3,39.5,35.3,37.4,507,9
576,5/14/2018 11:00,37.78,31.18,34.78,38.86,34.66,36.76,565,9.49
577,5/14/2018 12:00,38.3,31.7,35.3,13.5,9.3,11.4,611,10.77
578,5/14/2018 13:00,38.8,32.2,35.8,36.88,32.68,34.78,550,9.87
579,5/14/2018 14:00,34.3,27.7,31.3,42.5,38.3,40.4,470,8.22
580,5/14/2018 15:00,33.58,26.98,30.58,48.08,43.88,45.98,511,7.57
581,5/14/2018 16:00,32.3,25.7,29.3,63.5,59.3,61.4,389,6.22
582,5/14/2018 17:00,32.67,26.07,29.67,53.03,48.83,50.93,22,7.08
583,5/14/2018 18:00,33.58,26.98,30.58,74.98,70.78,72.88,152,5.92
584,5/15/2018 6:00,34.3,27.7,31.3,68.88,64.68,66.78,222,6.68
585,5/15/2018 7:00,34.8,28.2,31.8,61.99,57.79,59.89,362,7.28
586,5/15/2018 8:00,36.3,29.7,33.3,49.84,45.64,47.74,412,8.47
587,5/15/2018 9:00,37.58,30.98,34.58,43.98,39.78,41.88,438,9.1
588,5/15/2018 10:00,36.3,29.7,33.3,39.5,35.3,37.4,507,9
589,5/15/2018 11:00,37.78,31.18,34.78,38.98,34.78,36.88,565,9.49
590,5/15/2018 12:00,38.3,31.7,35.3,27.73,23.53,25.63,611,10.16
591,5/15/2018 13:00,38.8,32.2,35.8,36.88,32.68,34.78,550,9.87
592,5/15/2018 14:00,34.3,27.7,31.3,41.8,37.6,39.7,470,8.28
593,5/15/2018 15:00,33.58,26.98,30.58,48.08,43.88,45.98,511,7.57
594,5/15/2018 16:00,32.3,25.7,29.3,63.5,59.3,61.4,389,6.22
595,5/15/2018 17:00,32.67,26.07,29.67,53.03,48.83,50.93,22,7.08
596,5/15/2018 18:00,33.58,26.98,30.58,74.98,70.78,72.88,152,5.92
597,8/16/2018 8:00,30.1,24.4,28.4,68.5,64.3,66.4,190,5.26
598,8/16/2018 9:00,30.6,24.9,28.9,74,69.8,71.9,330,4.89
599,8/16/2018 10:00,32.1,26.4,30.4,42.28,37.28,40.03,380,7.73
600,8/16/2018 11:00,33.38,27.68,31.68,37.8,32.8,35.55,406,8.35
601,8/16/2018 12:00,32.1,26.4,30.4,37.28,32.28,35.03,475,8.04
602,8/16/2018 13:00,33.58,27.88,31.88,11.8,6.8,9.55,533,9.8
603,8/16/2018 14:00,34.1,28.4,32.4,35.18,30.18,32.93,579,8.77
604,8/16/2018 15:00,34.6,28.9,32.9,40.8,35.8,38.55,518,8.48
605,8/16/2018 16:00,30.1,24.4,28.4,46.38,41.38,44.13,438,6.8
606,8/16/2018 17:00,29.38,23.68,27.68,61.8,56.8,59.55,479,5.39
607,8/16/2018 18:00,28.1,22.4,26.4,51.33,46.33,49.08,357,5.74
608,8/17/2018 6:00,28.47,22.77,26.77,73.28,68.28,71.03,-10,4.11
609,8/17/2018 7:00,29.38,23.68,27.68,66.8,61.8,64.55,120,5.04
610,8/17/2018 8:00,30.1,24.4,28.4,60.29,55.29,58.04,190,5.85
611,8/17/2018 9:00,30.6,24.9,28.9,51.16,46.16,48.91,330,6.46
612,8/17/2018 10:00,32.1,26.4,30.4,42.28,37.28,40.03,380,7.73
613,8/17/2018 11:00,33.38,27.68,31.68,37.8,32.8,35.55,406,8.35
614,8/17/2018 12:00,32.1,26.4,30.4,37.28,32.28,35.03,475,8.04
615,8/17/2018 13:00,33.58,27.88,31.88,11.8,6.8,9.55,533,9.8
616,8/17/2018 14:00,34.1,28.4,32.4,35.18,30.18,32.93,579,8.77
617,8/17/2018 15:00,34.6,28.9,32.9,40.16,35.16,37.91,518,8.48
618,8/17/2018 16:00,30.1,24.4,28.4,46.38,41.38,44.13,438,6.8
619,8/17/2018 17:00,29.38,23.68,27.68,61.8,56.8,59.55,479,5.39
620,8/17/2018 18:00,28.1,22.4,26.4,51.33,46.33,49.08,357,5.74
621,8/18/2018 6:00,28.47,22.77,26.77,73.28,68.28,71.03,-10,4.11
622,8/18/2018 7:00,29.38,23.68,27.68,67.14,62.14,64.89,120,4.97
623,8/18/2018 8:00,30.1,24.4,28.4,60.29,55.29,58.04,190,5.85
624,8/18/2018 9:00,30.6,24.9,28.9,50.8,45.8,48.55,330,6.53
625,8/18/2018 10:00,32.1,26.4,30.4,42.28,37.28,40.03,380,7.73
626,8/18/2018 11:00,33.38,27.68,31.68,37.8,32.8,35.55,406,8.35
627,8/18/2018 12:00,32.1,26.4,30.4,37.28,32.28,35.03,475,8.04
628,8/18/2018 13:00,33.58,27.88,31.88,11.8,6.8,9.55,533,9.8
629,8/18/2018 14:00,34.1,28.4,32.4,35.18,30.18,32.93,579,8.77
630,8/18/2018 15:00,34.6,28.9,32.9,40.8,35.8,38.55,518,8.48
631,8/18/2018 16:00,30.1,24.4,28.4,46.38,41.38,44.13,438,6.8
632,8/18/2018 17:00,29.38,23.68,27.68,61.8,56.8,59.55,479,5.39
633,8/18/2018 18:00,28.1,22.4,26.4,51.33,46.33,49.08,357,5.74
634,8/19/2018 6:00,28.47,22.77,26.77,73.28,68.28,71.03,-10,4.11
635,8/19/2018 7:00,29.38,23.68,27.68,66.8,61.8,64.55,120,5.04
636,8/19/2018 8:00,30.1,24.4,28.4,60.29,55.29,58.04,190,5.85
637,8/19/2018 9:00,30.6,24.9,28.9,50.8,45.8,48.55,330,6.53
638,8/19/2018 10:00,32.1,26.4,30.4,42.28,37.28,40.03,380,7.73
639,8/19/2018 11:00,33.38,27.68,31.68,37.8,32.8,35.55,406,8.35
640,8/19/2018 12:00,32.1,26.4,30.4,37.28,32.28,35.03,475,8.04
641,8/19/2018 13:00,33.58,27.88,31.88,11.8,6.8,9.55,533,9.8
642,8/19/2018 14:00,34.1,28.4,32.4,35.18,30.18,32.93,579,8.77
643,8/19/2018 15:00,34.6,28.9,32.9,40.8,35.8,38.55,518,8.48
644,8/19/2018 16:00,30.1,24.4,28.4,46.38,41.38,44.13,438,6.8
645,8/19/2018 17:00,29.38,23.68,27.68,61.8,56.8,59.55,479,5.39
646,8/19/2018 18:00,28.1,22.4,26.4,51.33,46.33,49.08,357,5.74
647,8/20/2018 6:00,28.47,22.77,26.77,73.28,68.28,71.03,-10,4.11
648,8/20/2018 7:00,29.38,23.68,27.68,66.8,61.8,64.55,120,5.04
649,8/20/2018 8:00,30.1,24.4,28.4,60.29,55.29,58.04,190,5.85
650,8/20/2018 9:00,30.6,24.9,28.9,50.8,45.8,48.55,330,6.53
651,8/20/2018 10:00,32.1,26.4,30.4,42.28,37.28,40.03,380,7.73
652,8/20/2018 11:00,33.38,27.68,31.68,37.8,32.8,35.55,406,8.35
653,8/20/2018 12:00,32.1,26.4,30.4,37.28,32.28,35.03,475,8.04
654,8/20/2018 13:00,33.58,27.88,31.88,37.25,32.25,35,533,8.35
655,8/20/2018 14:00,34.1,28.4,32.4,35.18,30.18,32.93,579,8.77
656,8/20/2018 15:00,34.6,28.9,32.9,40.8,35.8,38.55,518,8.48
657,8/20/2018 16:00,30.1,24.4,28.4,46.38,41.38,44.13,438,6.8
658,8/20/2018 17:00,29.38,23.68,27.68,61.8,56.8,59.55,479,5.39
659,8/20/2018 18:00,28.1,22.4,26.4,51.33,46.33,49.08,357,5.74
660,8/21/2018 6:00,28.47,22.77,26.77,54.8,49.8,52.55,-10,5.52
661,8/21/2018 7:00,29.38,23.68,27.68,52.8,47.8,50.55,120,6.03
662,8/21/2018 8:00,30.1,24.4,28.4,52.03,47.03,49.78,190,6.4
663,8/21/2018 9:00,30.6,24.9,28.9,50.8,45.8,48.55,330,6.53
664,8/21/2018 10:00,32.1,26.4,30.4,42.28,37.28,40.03,380,7.73
665,8/21/2018 11:00,33.38,27.68,31.68,37.8,32.8,35.55,406,8.35
666,8/21/2018 12:00,32.1,26.4,30.4,37.28,32.28,35.03,475,8.04
667,8/21/2018 13:00,33.58,27.88,31.88,11.8,6.8,9.55,533,9.8
668,8/21/2018 14:00,34.1,28.4,32.4,35.18,30.18,32.93,579,8.77
669,8/21/2018 15:00,34.6,28.9,32.9,40.8,35.8,38.55,518,8.48
670,8/21/2018 16:00,30.1,24.4,28.4,46.38,41.38,44.13,438,6.8
671,8/21/2018 17:00,29.38,23.68,27.68,49.8,44.8,47.55,479,6.25
672,8/21/2018 18:00,28.1,22.4,26.4,51.33,46.33,49.08,357,5.74
673,8/22/2018 6:00,28.47,22.77,26.77,56.9,51.9,54.65,-10,5.37
674,8/22/2018 7:00,29.38,23.68,27.68,54.8,49.8,52.55,120,5.89
675,8/22/2018 8:00,30.1,24.4,28.4,53.03,48.03,50.78,190,6.33
676,8/22/2018 9:00,30.6,24.9,28.9,50.8,45.8,48.55,330,6.53
677,8/22/2018 10:00,32.1,26.4,30.4,42.28,37.28,40.03,380,7.73
678,8/22/2018 11:00,33.38,27.68,31.68,37.8,32.8,35.55,406,8.35
679,8/22/2018 12:00,32.1,26.4,30.4,37.28,32.28,35.03,475,8.04
680,8/22/2018 13:00,33.58,27.88,31.88,11.8,6.8,9.55,533,9.8
681,8/22/2018 14:00,34.1,28.4,32.4,35.18,30.18,32.93,579,8.77
682,8/22/2018 15:00,34.6,28.9,32.9,40.8,35.8,38.55,518,8.48
683,8/22/2018 16:00,30.1,24.4,28.4,46.38,41.38,44.13,438,6.8
684,8/22/2018 17:00,29.38,23.68,27.68,47.8,42.8,45.55,479,6.39
685,8/22/2018 18:00,28.1,22.4,26.4,51.33,46.33,49.08,357,5.74
686,8/24/2018 6:00,28.47,22.77,26.77,56.8,51.8,54.55,-10,5.37
687,8/24/2018 7:00,29.38,23.68,27.68,56.14,51.14,53.89,120,5.75
688,8/24/2018 8:00,30.1,24.4,28.4,55,50,52.75,190,6.19
689,8/24/2018 9:00,30.6,24.9,28.9,49.8,44.8,47.55,330,6.6
690,8/24/2018 10:00,32.1,26.4,30.4,42.28,37.28,40.03,380,7.73
691,8/24/2018 11:00,33.38,27.68,31.68,37.8,32.8,35.55,406,8.35
692,8/24/2018 12:00,32.1,26.4,30.4,37.28,32.28,35.03,475,8.04
693,8/24/2018 13:00,33.58,27.88,31.88,11.8,6.8,9.55,533,9.8
694,8/24/2018 14:00,34.1,28.4,32.4,35.18,30.18,32.93,579,8.77
695,8/24/2018 15:00,34.6,28.9,32.9,40.8,35.8,38.55,518,8.48
696,8/24/2018 16:00,30.1,24.4,28.4,46.38,41.38,44.13,438,6.8
697,8/24/2018 17:00,29.38,23.68,27.68,48.8,43.8,46.55,479,6.32
698,8/24/2018 18:00,28.1,22.4,26.4,50.8,45.8,48.55,357,5.81
699,8/25/2018 6:00,28.47,22.77,26.77,54.8,49.8,52.55,-10,5.52
700,8/25/2018 7:00,29.38,23.68,27.68,54.47,49.47,52.22,120,5.89
701,8/25/2018 8:00,30.1,24.4,28.4,50.8,45.8,48.55,190,6.53
702,8/25/2018 9:00,30.6,24.9,28.9,50.8,45.8,48.55,330,6.53
703,8/25/2018 10:00,32.1,26.4,30.4,42.28,37.28,40.03,380,7.73
704,8/25/2018 11:00,33.38,27.68,31.68,37.8,32.8,35.55,406,8.35
705,8/25/2018 12:00,32.1,26.4,30.4,37.28,32.28,35.03,475,8.04
706,8/25/2018 13:00,33.58,27.88,31.88,11.8,6.8,9.55,533,9.8
707,8/25/2018 14:00,34.1,28.4,32.4,35.18,30.18,32.93,579,8.77
708,8/25/2018 15:00,34.6,28.9,32.9,40.8,35.8,38.55,518,8.48
709,8/25/2018 16:00,30.1,24.4,28.4,46.38,41.38,44.13,438,6.8
710,8/25/2018 17:00,29.38,23.68,27.68,50.8,45.8,48.55,479,6.17
711,8/25/2018 18:00,28.1,22.4,26.4,51.1,46.1,48.85,357,5.74
712,8/26/2018 6:00,29.38,23.68,27.68,59.8,54.8,57.55,120,5.54
713,8/26/2018 7:00,30.1,24.4,28.4,60.29,55.29,58.04,190,5.85
714,8/26/2018 8:00,30.6,24.9,28.9,50.8,45.8,48.55,330,6.53
715,8/26/2018 9:00,32.1,26.4,30.4,42.28,37.28,40.03,380,7.73
716,8/26/2018 10:00,33.38,27.68,31.68,37.8,32.8,35.55,406,8.35
717,8/26/2018 11:00,32.1,26.4,30.4,37.28,32.28,35.03,475,8.04
718,8/26/2018 12:00,33.58,27.88,31.88,11.8,6.8,9.55,533,9.8
719,8/26/2018 13:00,34.1,28.4,32.4,35.18,30.18,32.93,579,8.77
720,8/26/2018 14:00,34.6,28.9,32.9,40.8,35.8,38.55,518,8.48
721,8/26/2018 15:00,30.1,24.4,28.4,46.38,41.38,44.13,438,6.8
722,8/26/2018 16:00,29.38,23.68,27.68,49.8,44.8,47.55,479,6.25
723,8/26/2018 17:00,28.1,22.4,26.4,51.33,46.33,49.08,357,5.74
724,8/26/2018 18:00,27.88,22.18,26.18,54.8,49.8,52.55,304,5.3
725,8/27/2018 6:00,28.47,22.77,26.77,73.28,68.28,71.03,-10,4.11
726,8/27/2018 7:00,29.38,23.68,27.68,66.8,61.8,64.55,120,5.04
727,8/27/2018 8:00,30.1,24.4,28.4,60.29,55.29,58.04,190,5.85
728,8/27/2018 9:00,30.6,24.9,28.9,50.8,45.8,48.55,330,6.53
729,8/27/2018 10:00,32.1,26.4,30.4,42.28,37.28,40.03,380,7.73
730,8/27/2018 11:00,33.38,27.68,31.68,37.8,32.8,35.55,406,8.35
731,8/27/2018 12:00,32.1,26.4,30.4,37.28,32.28,35.03,475,8.04
732,8/27/2018 13:00,33.58,27.88,31.88,11.8,6.8,9.55,533,9.8
733,8/27/2018 14:00,34.1,28.4,32.4,35.18,30.18,32.93,579,8.77
734,8/27/2018 15:00,34.6,28.9,32.9,40.8,35.8,38.55,518,8.48
735,8/27/2018 16:00,30.1,24.4,28.4,46.38,41.38,44.13,438,6.8
736,8/27/2018 17:00,29.38,23.68,27.68,50.8,45.8,48.55,479,6.17
737,8/27/2018 18:00,28.1,22.4,26.4,51.33,46.33,49.08,357,5.74
738,8/28/2018 6:00,28.47,22.77,26.77,73.28,68.28,71.03,-10,4.11
739,8/28/2018 7:00,29.38,23.68,27.68,66.8,61.8,64.55,120,5.04
740,8/28/2018 8:00,30.1,24.4,28.4,60.29,55.29,58.04,190,5.85
741,8/28/2018 9:00,30.6,24.9,28.9,50.8,45.8,48.55,330,6.53
742,8/28/2018 10:00,32.1,26.4,30.4,42.28,37.28,40.03,380,7.73
743,8/28/2018 11:00,33.38,27.68,31.68,37.8,32.8,35.55,406,8.35
744,8/28/2018 12:00,32.1,26.4,30.4,37.28,32.28,35.03,475,8.04
745,8/28/2018 13:00,33.58,27.88,31.88,11.8,6.8,9.55,533,9.8
746,8/28/2018 14:00,34.1,28.4,32.4,35.18,30.18,32.93,579,8.77
747,8/28/2018 15:00,34.6,28.9,32.9,40.8,35.8,38.55,518,8.48
748,8/28/2018 16:00,30.1,24.4,28.4,46.38,41.38,44.13,438,6.8
749,8/28/2018 17:00,29.38,23.68,27.68,51.25,46.25,49,479,6.1
750,8/28/2018 18:00,28.1,22.4,26.4,51.33,46.33,49.08,357,5.74
751,8/29/2018 6:00,28.47,22.77,26.77,73.28,68.28,71.03,-10,4.11
752,8/29/2018 7:00,29.38,23.68,27.68,66.8,61.8,64.55,120,5.04
753,8/29/2018 8:00,30.1,24.4,28.4,60.29,55.29,58.04,190,5.85
754,8/29/2018 9:00,30.6,24.9,28.9,50.8,45.8,48.55,330,6.53
755,8/29/2018 10:00,32.1,26.4,30.4,42.28,37.28,40.03,380,7.73
756,8/29/2018 11:00,33.38,27.68,31.68,37.8,32.8,35.55,406,8.35
757,8/29/2018 12:00,32.1,26.4,30.4,37.28,32.28,35.03,475,8.04
758,8/29/2018 13:00,33.58,27.88,31.88,11.8,6.8,9.55,533,9.8
759,8/29/2018 14:00,34.1,28.4,32.4,35.18,30.18,32.93,579,8.77
760,8/29/2018 15:00,34.6,28.9,32.9,40.8,35.8,38.55,518,8.48
761,8/29/2018 16:00,30.1,24.4,28.4,46.38,41.38,44.13,438,6.8
762,8/29/2018 17:00,29.38,23.68,27.68,50.8,45.8,48.55,479,6.17
763,8/29/2018 18:00,28.1,22.4,26.4,51.33,46.33,49.08,357,5.74
764,8/30/2018 6:00,28.47,22.77,26.77,73.28,68.28,71.03,-10,4.11
765,8/30/2018 7:00,29.38,23.68,27.68,66.8,61.8,64.55,120,5.04
766,8/30/2018 8:00,30.1,24.4,28.4,60.29,55.29,58.04,190,5.85
767,8/30/2018 9:00,30.6,24.9,28.9,50.8,45.8,48.55,330,6.53
768,8/30/2018 10:00,32.1,26.4,30.4,42.28,37.28,40.03,380,7.73
769,8/30/2018 11:00,33.38,27.68,31.68,37.8,32.8,35.55,406,8.35
770,8/30/2018 12:00,32.1,26.4,30.4,37.28,32.28,35.03,475,8.04
771,8/30/2018 13:00,33.58,27.88,31.88,11.8,6.8,9.55,533,9.8
772,8/30/2018 14:00,34.1,28.4,32.4,35.18,30.18,32.93,579,8.77
773,8/30/2018 15:00,34.6,28.9,32.9,40.8,35.8,38.55,518,8.48
774,8/30/2018 16:00,30.1,24.4,28.4,46.38,41.38,44.13,438,6.8
775,8/30/2018 17:00,29.38,23.68,27.68,51.25,46.25,49,479,6.1
776,8/30/2018 18:00,28.1,22.4,26.4,51.33,46.33,49.08,357,5.74
777,9/3/2018 6:00,28.47,22.77,26.77,57.8,52.8,55.55,-10,5.3
778,9/3/2018 7:00,29.38,23.68,27.68,55.8,50.8,53.55,120,5.82
779,9/3/2018 8:00,30.1,24.4,28.4,52.8,47.8,50.55,190,6.4
780,9/3/2018 9:00,30.6,24.9,28.9,50.8,45.8,48.55,330,6.53
781,9/3/2018 10:00,32.1,26.4,30.4,42.28,37.28,40.03,380,7.73
782,9/3/2018 11:00,33.38,27.68,31.68,37.8,32.8,35.55,406,8.35
783,9/3/2018 12:00,32.1,26.4,30.4,37.28,32.28,35.03,475,8.04
784,9/3/2018 13:00,33.58,27.88,31.88,11.8,6.8,9.55,533,9.8
785,9/3/2018 14:00,34.1,28.4,32.4,35.18,30.18,32.93,579,8.77
786,9/3/2018 15:00,34.6,28.9,32.9,40.8,35.8,38.55,518,8.48
787,9/3/2018 16:00,30.1,24.4,28.4,46.38,41.38,44.13,438,6.8
788,9/3/2018 17:00,29.38,23.68,27.68,50.8,45.8,48.55,479,6.17
789,9/3/2018 18:00,28.1,22.4,26.4,51.33,46.33,49.08,357,5.74
790,9/4/2018 6:00,28.47,22.77,26.77,73.28,68.28,71.03,-10,4.11
791,9/4/2018 7:00,29.38,23.68,27.68,66.8,61.8,64.55,120,5.04
792,9/4/2018 8:00,30.1,24.4,28.4,60.29,55.29,58.04,190,5.85
793,9/4/2018 9:00,30.6,24.9,28.9,50.8,45.8,48.55,330,6.53
794,9/4/2018 10:00,32.1,26.4,30.4,42.28,37.28,40.03,380,7.73
795,9/4/2018 11:00,33.38,27.68,31.68,37.8,32.8,35.55,406,8.35
796,9/4/2018 12:00,32.1,26.4,30.4,37.28,32.28,35.03,475,8.04
797,9/4/2018 13:00,33.58,27.88,31.88,11.8,6.8,9.55,533,9.8
798,9/4/2018 14:00,34.1,28.4,32.4,35.18,30.18,32.93,579,8.77
799,9/4/2018 15:00,34.6,28.9,32.9,40.8,35.8,38.55,518,8.48
800,9/4/2018 16:00,30.1,24.4,28.4,46.38,41.38,44.13,438,6.8
801,9/4/2018 17:00,29.38,23.68,27.68,51.36,46.36,49.11,479,6.1
802,9/4/2018 18:00,28.1,22.4,26.4,51.33,46.33,49.08,357,5.74
803,9/5/2018 6:00,29.1,23.4,27.4,62.8,57.8,60.55,-10,5.32
804,9/5/2018 7:00,31.4,25.7,29.7,66.8,61.8,64.55,120,5.83
805,9/5/2018 8:00,33.4,27.7,31.7,60.29,55.29,58.04,190,6.97
806,9/5/2018 9:00,35.6,29.9,33.9,50.8,45.8,48.55,330,8.24
807,9/5/2018 10:00,37.75,32.05,36.05,42.28,37.28,40.03,380,9.4
808,9/5/2018 11:00,39.9,34.2,38.2,37.8,32.8,35.55,406,10.19
809,9/5/2018 12:00,42.05,36.35,40.35,37.28,32.28,35.03,475,10.89
810,9/5/2018 13:00,39.1,33.4,37.4,11.8,6.8,9.55,533,11.15
811,9/5/2018 14:00,37.1,31.4,35.4,35.18,30.18,32.93,579,9.63
812,9/5/2018 15:00,34.6,28.9,32.9,40.8,35.8,38.55,518,8.48
813,9/5/2018 16:00,30.1,24.4,28.4,46.38,41.38,44.13,438,6.8
814,9/5/2018 17:00,29.38,23.68,27.68,50.36,45.36,48.11,479,6.17
815,9/5/2018 18:00,28.1,22.4,26.4,51.33,46.33,49.08,357,5.74
816,9/6/2018 6:00,29.8,24.1,28.1,60.36,55.36,58.11,-10,5.63
817,9/6/2018 7:00,30.1,24.4,28.4,57.47,52.47,55.22,120,6.06
818,9/6/2018 8:00,32.1,26.4,30.4,60.29,55.29,58.04,190,6.6
819,9/6/2018 9:00,33.9,28.2,32.2,50.8,45.8,48.55,330,7.71
820,9/6/2018 10:00,35.1,29.4,33.4,42.28,37.28,40.03,380,8.68
821,9/6/2018 11:00,37.1,31.4,35.4,37.8,32.8,35.55,406,9.53
822,9/6/2018 12:00,39.1,33.4,37.4,37.28,32.28,35.03,475,10.09
823,9/6/2018 13:00,40.1,34.4,38.4,11.8,6.8,9.55,533,11.37
824,9/6/2018 14:00,41.1,35.4,39.4,35.18,30.18,32.93,579,10.71
825,9/6/2018 15:00,38.1,32.4,36.4,40.8,35.8,38.55,518,9.68
826,9/6/2018 16:00,37.1,31.4,35.4,46.38,41.38,44.13,438,9.09
827,9/6/2018 17:00,34.1,28.4,32.4,51.36,46.36,49.11,479,7.86
828,9/6/2018 18:00,30.1,24.4,28.4,51.33,46.33,49.08,357,6.46
829,9/5/2018 6:00,28.47,22.77,26.77,60.8,55.8,58.55,-10,5.08
830,9/5/2018 7:00,29.38,23.68,27.68,61.3,56.3,59.05,120,5.39
831,9/5/2018 8:00,30.1,24.4,28.4,60.29,55.29,58.04,190,5.85
832,9/5/2018 9:00,30.6,24.9,28.9,50.8,45.8,48.55,330,6.53
833,9/5/2018 10:00,34.1,28.4,32.4,42.28,37.28,40.03,380,8.37
834,9/5/2018 11:00,35.8,30.1,34.1,37.8,32.8,35.55,406,9.07
835,9/5/2018 12:00,39.1,33.4,37.4,37.28,32.28,35.03,475,10.09
836,9/5/2018 13:00,40.1,34.4,38.4,37.28,32.28,35.03,475,10.36
837,9/5/2018 14:00,42.1,36.4,40.4,11.8,6.8,9.55,533,11.77
838,9/5/2018 15:00,38.1,32.4,36.4,35.18,30.18,32.93,579,9.91
839,9/5/2018 16:00,36.1,30.4,34.4,40.36,35.36,38.11,518,9.09
840,9/5/2018 17:00,29.38,23.68,27.68,46.38,41.38,44.13,438,6.46
841,9/5/2018 18:00,28.1,22.4,26.4,51.36,46.36,49.11,479,5.74
842,9/6/2018 6:00,28.47,22.77,26.77,60.29,55.29,58.04,-10,5.08
843,9/6/2018 7:00,29.38,23.68,27.68,50.8,45.8,48.55,-10,6.17
844,9/6/2018 8:00,30.1,24.4,28.4,42.28,37.28,40.03,120,7.07
845,9/6/2018 9:00,30.6,24.9,28.9,37.8,32.8,35.55,190,7.41
846,9/6/2018 10:00,35.1,29.4,33.4,37.28,32.28,35.03,330,8.95
847,9/6/2018 11:00,37.1,31.4,35.4,37.28,32.28,35.03,380,9.53
848,9/6/2018 12:00,39,33.3,37.3,11.8,6.8,9.55,406,11.15
849,9/6/2018 13:00,41.6,35.9,39.9,35.18,30.18,32.93,475,10.71
850,9/6/2018 14:00,38.1,32.4,36.4,40.36,35.36,38.11,533,9.68
